Wavelength,25LRB,25LRR,25HRB,25HRR,50LRB,50LRR,50HRB,50HRR
370,0,0,0,0,0,0,0,0
370.5,0.140674997,0,0,0,0.142625039,0,0,0
371,0.143151442,0,0,0,0.145367352,0,0,0
371.5,0.14540782,0,0,0,0.148157157,0,0,0
372,0.147025426,0,0,0,0.150775191,0,0,0
372.5,0.149703172,0,0,0,0.153587342,0,0,0
373,0.153367114,0,0,0,0.156885804,0,0,0
373.5,0.158231551,0,0,0,0.161405471,0,0,0
374,0.162465848,0,0,0,0.165648842,0,0,0
374.5,0.167410786,0,0,0,0.17025733,0,0,0
375,0.173061189,0,0,0,0.175013197,0,0,0
375.5,0.178655403,0,0,0,0.179966158,0,0,0
376,0.183563442,0,0,0,0.184696838,0,0,0
376.5,0.18769598,0,0,0,0.189175098,0,0,0
377,0.190255458,0,0,0,0.192953284,0,0,0
377.5,0.191369314,0,0,0,0.195728785,0,0,0
378,0.196022107,0,0,0,0.200160362,0,0,0
378.5,0.203690605,0,0,0,0.206672809,0,0,0
379,0.209889062,0,0,0,0.212494421,0,0,0
379.5,0.214226455,0,0,0,0.217310344,0,0,0
380,0.216862264,0,0,0,0.221241783,0,0,0
380.5,0.218527874,0,0,0,0.224300941,0,0,0
381,0.223314004,0,0,0,0.229207266,0,0,0
381.5,0.229617848,0,0,0,0.234831208,0,0,0
382,0.235402392,0,0,0,0.239959676,0,0,0
382.5,0.240179311,0,0,0,0.244362944,0,0,0
383,0.244670602,0,0,0,0.248661326,0,0,0
383.5,0.25180846,0,0,0,0.254904457,0,0,0
384,0.259653327,0,0,0,0.261748524,0,0,0
384.5,0.26612564,0,0,0,0.267767963,0,0,0
385,0.271489803,0,0,0,0.273101522,0,0,0
385.5,0.275846957,0,0,0,0.277882751,0,0,0
386,0.277739812,0,0,0,0.281063138,0,0,0
386.5,0.284693219,0,0,0,0.287789803,0,0,0
387,0.294222587,0,0,0,0.296465638,0,0,0
387.5,0.301186368,0,0,0,0.303314781,0,0,0
388,0.309309284,0,0,0,0.310293405,0,0,0
388.5,0.316599697,0,0,0,0.316943818,0,0,0
389,0.322987897,0,0,0,0.323246249,0,0,0
389.5,0.328586551,0,0,0,0.329143842,0,0,0
390,0.332589452,0,0,0,0.334051739,0,0,0
390.5,0.330964873,0,0,0,0.333994732,0,0,0
391,0.335524202,0,0,0,0.338209337,0,0,0
391.5,0.341277874,0,0,0,0.343742109,0,0,0
392,0.345386381,0,0,0,0.347829622,0,0,0
392.5,0.351851705,0,0,0,0.352303056,0,0,0
393,0.355941768,0,0,0,0.355840894,0,0,0
393.5,0.359320235,0,0,0,0.359082211,0,0,0
394,0.362355599,0,0,0,0.362183704,0,0,0
394.5,0.364820073,0,0,0,0.365024904,0,0,0
395,0.365650404,0,0,0,0.367209043,0,0,0
395.5,0.365677906,0,0,0,0.368775978,0,0,0
396,0.367109364,0,0,0,0.369932773,0,0,0
396.5,0.368590709,0,0,0,0.371661507,0,0,0
397,0.377334276,0,0,0,0.378495715,0,0,0
397.5,0.382954576,0,0,0,0.383337807,0,0,0
398,0.386109634,0,0,0,0.386782441,0,0,0
398.5,0.386289616,0,0,0,0.388998677,0,0,0
399,0.38921266,0,0,0,0.392062069,0,0,0
399.5,0.395076264,0,0,0,0.396013201,0,0,0
400,0.398740458,0,0,0,0.399184094,0,0,0
400.5,0.400010897,0,0,0,0.400951877,0,0,0
401,0.398799596,0,0,0,0.401611372,0,0,0
401.5,0.398899623,0,0,0,0.40164648,0,0,0
402,0.397680061,0,0,0,0.40080913,0,0,0
402.5,0.402412242,0,0,0,0.404427601,0,0,0
403,0.405579109,0,0,0,0.407089574,0,0,0
403.5,0.405590065,0,0,0,0.407593882,0,0,0
404,0.403464421,0,0,0,0.406669651,0,0,0
404.5,0.404761072,0,0,0,0.408012082,0,0,0
405,0.409278577,0,0,0,0.411472583,0,0,0
405.5,0.411038572,0,0,0,0.413082145,0,0,0
406,0.408964074,0,0,0,0.412118491,0,0,0
406.5,0.414731709,0,0,0,0.41646577,0,0,0
407,0.422944731,0,0,0,0.422401948,0,0,0
407.5,0.426455921,0,0,0,0.425383334,0,0,0
408,0.428887592,0,0,0,0.427657235,0,0,0
408.5,0.431596973,0,0,0,0.430301359,0,0,0
409,0.434221008,0,0,0,0.432892781,0,0,0
409.5,0.437152279,0,0,0,0.435806478,0,0,0
410,0.440062733,0,0,0,0.438711374,0,0,0
410.5,0.442818117,0,0,0,0.441476907,0,0,0
411,0.445530704,0,0,0,0.444227817,0,0,0
411.5,0.448107296,0,0,0,0.446892268,0,0,0
412,0.450615688,0,0,0,0.449533364,0,0,0
412.5,0.453102152,0,0,0,0.452069375,0,0,0
413,0.455815509,0,0,0,0.454677372,0,0,0
413.5,0.458320483,0,0,0,0.457096998,0,0,0
414,0.460704534,0,0,0,0.459456911,0,0,0
414.5,0.462782401,0,0,0,0.461573731,0,0,0
415,0.464621527,0,0,0,0.463544074,0,0,0
415.5,0.465660116,0,0,0,0.464929468,0,0,0
416,0.464140105,0,0,0,0.46459335,0,0,0
416.5,0.459172745,0,0,0,0.461858666,0,0,0
417,0.464360243,0,0,0,0.465915106,0,0,0
417.5,0.47017644,0,0,0,0.470329616,0,0,0
418,0.473063317,0,0,0,0.47279366,0,0,0
418.5,0.474554202,0,0,0,0.474285179,0,0,0
419,0.475106101,0,0,0,0.475159056,0,0,0
419.5,0.474671646,0,0,0,0.475418178,0,0,0
420,0.473034242,0,0,0,0.47489151,0,0,0
420.5,0.471020331,0,0,0,0.474183327,0,0,0
421,0.470319226,0,0,0,0.474302972,0,0,0
421.5,0.47160743,0,0,0,0.475699845,0,0,0
422,0.473080323,0,0,0,0.477243111,0,0,0
422.5,0.474485281,0,0,0,0.478799171,0,0,0
423,0.476241855,0,0,0,0.480617138,0,0,0
423.5,0.478522954,0,0,0,0.482778424,0,0,0
424,0.481031048,0,0,0,0.485113831,0,0,0
424.5,0.483056075,0,0,0,0.487103451,0,0,0
425,0.48446113,0,0.426595793,0,0.488631821,0,0.430268326,0
425.5,0.485310269,0,0.428889148,0,0.489703953,0,0.432772033,0
426,0.486207689,0,0.431237405,0,0.490808855,0,0.435318367,0
426.5,0.488287761,0,0.434650584,0,0.492711491,0,0.438588379,0
427,0.492077057,0,0.439610342,0,0.495778001,0,0.442916681,0
427.5,0.496424364,0,0.445100917,0,0.499213595,0,0.447601779,0
428,0.500228039,0,0.4501363,0,0.502283409,0,0.45198585,0
428.5,0.503145598,0,0.454373811,0,0.504752905,0,0.455825316,0
429,0.505215957,0,0.457841836,0,0.506652357,0,0.459143545,0
429.5,0.506336479,0,0.460467503,0,0.507908888,0,0.461897468,0
430,0.506265804,0,0.462021933,0,0.508370978,0,0.463943131,0
430.5,0.504543895,0,0.462072782,0,0.507704219,0,0.464967079,0
431,0.50201024,0,0.461375963,0,0.506490621,0,0.465493688,0
431.5,0.503469344,0,0.464355102,0,0.50796783,0,0.468504103,0
432,0.510388191,0,0.472407486,0,0.513206497,0,0.475016067,0
432.5,0.517396529,0,0.480599273,0,0.518326335,0,0.481462951,0
433,0.52176488,0,0.48638781,0,0.521767321,0,0.486390086,0
433.5,0.524508949,0,0.49069778,0,0.524222575,0,0.490429866,0
434,0.525478956,0,0.493372903,0,0.525831239,0,0.493703662,0
434.5,0.522364441,0,0.492218668,0,0.525985017,0,0.4956303,0
435,0.524032258,0,0.495350023,0,0.527659499,0,0.498778731,0
435.5,0.529530454,0,0.502029135,0,0.53061874,0,0.5030609,0
436,0.531901962,0,0.505732954,0,0.532301675,0,0.506113002,0
436.5,0.532918359,0,0.508125179,0,0.533281658,0,0.508471576,0
437,0.533178426,0,0.509767882,0,0.533953695,0,0.51050911,0
437.5,0.532542072,0,0.510541481,0,0.534311509,0,0.512237819,0
438,0.531702564,0,0.511113653,0,0.534445222,0,0.513750109,0
438.5,0.532153327,0,0.512895219,0,0.534852623,0,0.51549683,0
439,0.531873068,0,0.513942649,0,0.534576279,0,0.51655473,0
439.5,0.529607985,0,0.513035877,0,0.533209234,0,0.516524438,0
440,0.527165067,0,0.511915472,0,0.531888645,0,0.516502409,0
440.5,0.526965059,0,0.512936765,0,0.532033724,0,0.517870497,0
441,0.528186391,0,0.515313632,0,0.533259582,0,0.520263181,0
441.5,0.528241682,0,0.516525318,0,0.533941328,0,0.522098547,0
442,0.525695491,0,0.515157338,0,0.533241425,0,0.522552006,0
442.5,0.520493623,0,0.511140108,0,0.53118164,0,0.521636056,0
443,0.517247061,0,0.508995268,0,0.529890271,0,0.521436778,0
443.5,0.521158351,0,0.513875393,0,0.532363247,0,0.524923705,0
444,0.528948667,0,0.522629712,0,0.537299222,0,0.530880508,0
444.5,0.535538442,0,0.53022109,0,0.541682818,0,0.536304458,0
445,0.539999071,0,0.535720543,0,0.544751672,0,0.540435488,0
445.5,0.543269322,0,0.54004805,0,0.547003188,0,0.543759776,0
446,0.54574934,0,0.543594678,0,0.548624501,0,0.546458488,0
446.5,0.547214542,0,0.546131236,0,0.549620929,0,0.548532859,0
447,0.546567208,0,0.546553715,0,0.549301014,0,0.549287453,0
447.5,0.542231801,0,0.543270926,0,0.546649736,0,0.547697328,0
448,0.538118678,0,0.540186696,0,0.544201002,0,0.546292394,0
448.5,0.54788517,0,0.551033935,0,0.551167058,0,0.554334684,0
449,0.557490438,0,0.561747251,0,0.558019713,0,0.562280567,0
449.5,0.562399757,0,0.567747431,0,0.561759845,0,0.567101435,0
450,0.565373295,0,0.571799184,0,0.564216829,0,0.570629574,0
450.5,0.567616693,0,0.575112927,0,0.566201185,0,0.573678725,0
451,0.569527993,0,0.578088321,0,0.567970078,0,0.57650699,0
451.5,0.571264765,0,0.58088345,0,0.569623614,0,0.579214666,0
452,0.572903501,0,0.58357497,0,0.571217204,0,0.581857262,0
452.5,0.574434071,0,0.586151701,0,0.572732381,0,0.584415299,0
453,0.575904058,0,0.588661392,0,0.574214677,0,0.586934588,0
453.5,0.577262951,0,0.591051689,0,0.575615236,0,0.589364616,0
454,0.578552898,0,0.593364931,0,0.576982137,0,0.591753956,0
454.5,0.579697832,0,0.595522304,0,0.578248654,0,0.594033567,0
455,0.580732171,0,0.597558179,0,0.579460086,0,0.596249238,0
455.5,0.581580246,0,0.599393708,0,0.58054154,0,0.598323187,0
456,0.582290065,0,0.601077224,0,0.581535251,0,0.600298057,0
456.5,0.582751071,0,0.602493458,0,0.582333756,0,0.602062006,0
457,0.582860817,0,0.603534846,0,0.582887555,0,0.603562532,0
457.5,0.582195127,0,0.6037137,0,0.582920753,0,0.604466145,0
458,0.579994108,0,0.602275947,0,0.581956868,0,0.60431411,0
458.5,0.574955522,0,0.597867814,0,0.579122864,0,0.602201227,0
459,0.568106363,0,0.591394165,0,0.575156294,0,0.598733086,0
459.5,0.567896159,0,0.591619716,0,0.575816821,0,0.59987126,0
460,0.573599793,0,0.597993804,0,0.580787645,0,0.60548734,0
460.5,0.576227961,0,0.601151664,0,0.584054679,0,0.609316912,0
461,0.575601311,0,0.600899624,0,0.58542356,0,0.611153571,0
461.5,0.574488842,0,0.600123952,0,0.586128813,0,0.612283327,0
462,0.575031909,0,0.601062521,0,0.587155288,0,0.613734703,0
462.5,0.576637403,0,0.603098646,0,0.588358245,0,0.615357344,0
463,0.578113785,0,0.604987732,0,0.58941485,0,0.616814133,0
463.5,0.578957425,0,0.606202585,0,0.590118092,0,0.617888463,0
464,0.579264538,0,0.606843329,0,0.590512113,0,0.618626402,0
464.5,0.578902484,0,0.606770503,0,0.590409665,0,0.618831633,0
465,0.577159128,0,0.605236758,0,0.589333277,0,0.618003155,0
465.5,0.571732069,0,0.599825028,0,0.585742732,0,0.614524128,0
466,0.563022215,0,0.59095149,0,0.579956974,0,0.608726315,0
466.5,0.569039951,0,0.597524397,0,0.584255662,0,0.613501761,0
467,0.579047002,0,0.608283366,0,0.591032009,0,0.620873501,0
467.5,0.585427436,0,0.615229892,0,0.594795178,0,0.62507452,0
468,0.590776306,0,0.621087793,0,0.597434453,0,0.628087556,0
468.5,0.595179049,0,0.6259459,0,0.599413702,0,0.630399458,0
469,0.59835643,0,0.629551874,0,0.600829884,0,0.632154282,0
469.5,0.600354015,0,0.631980867,0,0.601704251,0,0.633402234,0
470,0.601549488,0,0.633552738,0,0.602249458,0,0.634289947,0
470.5,0.602115081,0,0.634447392,0,0.602505473,0,0.634858747,0
471,0.602141034,0,0.634758741,0,0.602496797,0,0.635133776,0
471.5,0.601499722,0,0.634351189,0,0.602103283,0,0.634987714,0
472,0.59959846,0,0.632598346,0,0.600921208,0,0.633993894,0
472.5,0.594322865,0,0.627266946,0,0.597540336,0,0.630662765,0
473,0.582791699,0,0.615311158,0,0.589997902,0,0.622919464,0
473.5,0.584460324,0,0.617272362,0,0.59139694,0,0.624598405,0
474,0.594279599,0,0.627829505,0,0.598286839,0,0.632062973,0
474.5,0.597996084,0,0.631927014,0,0.601047699,0,0.63515178,0
475,0.599303621,0,0.633463478,0,0.602138535,0,0.636459981,0
475.5,0.600733508,0,0.635112837,0,0.603005868,0,0.637515242,0
476,0.60243446,0,0.637032055,0,0.603831547,0,0.638509376,0
476.5,0.603712756,0,0.638487213,0,0.604491389,0,0.639310695,0
477,0.604554652,0,0.639463187,0,0.604958391,0,0.639890239,0
477.5,0.605129495,0,0.640138606,0,0.605341895,0,0.640363294,0
478,0.605361353,0,0.640432736,0,0.605568553,0,0.64065194,0
478.5,0.605276723,0,0.640373247,0,0.605672009,0,0.640791454,0
479,0.604756082,0,0.639833384,0,0.605544241,0,0.640667259,0
479.5,0.603688853,0,0.638695922,0,0.605112954,0,0.640202605,0
480,0.601720026,0,0.636585142,0,0.604106721,0,0.639110128,0
480.5,0.598116085,0,0.632725139,0,0.601950627,0,0.636781561,0
481,0.592410708,0,0.626623144,0,0.598336617,0,0.63289128,0
481.5,0.586024234,0,0.61977287,0,0.594198889,0,0.628418296,0
482,0.583392082,0,0.616851142,0,0.59255791,0,0.626542654,0
482.5,0.584931574,0,0.618320127,0,0.593729305,0,0.627620043,0
483,0.587006379,0,0.620333476,0,0.595285364,0,0.629082497,0
483.5,0.587701598,0,0.620867506,0,0.595938184,0,0.629568909,0
484,0.586775989,0,0.619668784,0,0.595524036,0,0.62890722,0
484.5,0.584487749,0,0.617011792,0,0.594163469,0,0.627225921,0
485,0.581851033,0,0.613968574,0,0.592481406,0,0.625185732,0
485.5,0.580983913,0,0.61277383,0,0.591845632,0,0.624229874,0
486,0.583837354,0,0.615481791,0,0.593597787,0,0.625771247,0
486.5,0.589241278,0,0.620779182,0,0.59699883,0,0.628951941,0
487,0.594507508,0,0.625842838,0,0.600302868,0,0.63194366,0
487.5,0.598365804,0,0.62940422,0,0.60268708,0,0.63394965,0
488,0.600898846,0,0.631553492,0,0.604238422,0,0.635063435,0
488.5,0.602424259,0,0.632627427,0,0.605158387,0,0.635498634,0
489,0.603258042,0,0.632960122,0,0.605665248,0,0.635485849,0
489.5,0.603557389,0,0.632718154,0,0.605846565,0,0.635117931,0
490,0.603487292,0,0.632075768,0,0.605816657,0,0.63451548,0
490.5,0.603230596,0,0.63122532,0,0.605712969,0,0.633822895,0
491,0.602824146,0,0.630205861,0,0.605520258,0,0.633024437,0
491.5,0.602361734,0,0.629115792,0,0.60527117,0,0.632154452,0
492,0.601986219,0,0.628104347,0,0.605049987,0,0.631301041,0
492.5,0.601732451,0,0.627207579,0,0.604858467,0,0.630465939,0
493,0.601603749,0,0.626428552,0,0.604710668,0,0.629663675,0
493.5,0.601471992,0,0.625633577,0,0.604528857,0,0.628813239,0
494,0.601216944,0,0.624697716,0,0.604262819,0,0.627862549,0
494.5,0.600668136,0,0.623444434,0,0.603808278,0,0.626703646,0
495,0.599689191,0,0.621733354,0,0.603093822,0,0.625263138,0
495.5,0.59806121,0,0.619394955,0,0.601974346,0,0.623447677,0
496,0.595536511,0,0.616114667,0,0.600297447,0,0.621040113,0
496.5,0.591775477,0.414503784,0.611541923,0,0.597834565,0.418747817,0.617803396,0
497,0.586667604,0.412329307,0.605567287,0,0.594523417,0.417850631,0.613676178,0
497.5,0.581158769,0.409794648,0.59917979,0,0.591004176,0.416736976,0.609330491,0
498,0.578113026,0.408926266,0.595326383,0,0.589240095,0.41679696,0.606784761,0
498.5,0.578897749,0.410712693,0.595399806,0,0.590176274,0.41871451,0.606999837,0
499,0.581367736,0.413656186,0.597181711,0,0.592355802,0.421474441,0.608468667,0
499.5,0.583191104,0.416106886,0.598272917,0,0.594146792,0.42392377,0.609511929,0
500,0.583910683,0.417737681,0.598207335,0,0.595152545,0.425780263,0.609724447,0
500.5,0.584011806,0.418895612,0.597485844,0,0.595549556,0.427171323,0.609289788,0
501,0.584212319,0.420095908,0.596844291,0,0.595728777,0.428377173,0.608609761,0
501.5,0.584758141,0.421520028,0.59653296,0,0.595849605,0.429515255,0.607847764,0
502,0.585554048,0.42310458,0.596453124,0,0.595930276,0.430602144,0.607022486,0
502.5,0.586320827,0.424651916,0.596319443,0,0.595890324,0.431582772,0.606052129,0
503,0.586805583,0.425981725,0.595875032,0,0.595658983,0.432408703,0.604865267,0
503.5,0.586789948,0.42693681,0.59489124,0,0.595149345,0.433018943,0.603366049,0
504,0.586142561,0.427422155,0.593238215,0,0.59430647,0.433375375,0.601500953,0
504.5,0.584775335,0.427373389,0.590839844,0,0.593077491,0.433440882,0.599228098,0
505,0.582591051,0.426718863,0.587601831,0,0.591396868,0.433168685,0.596483385,0
505.5,0.579517256,0.42540445,0.583455666,0,0.589208859,0.432518735,0.593213134,0
506,0.575601489,0.423463414,0.578454135,0,0.586536523,0.431508193,0.589443362,0
506.5,0.57129939,0.421230398,0.573059214,0,0.583661334,0.430345105,0.585459237,0
507,0.567690061,0.419503379,0.568353772,0,0.581263939,0.429534007,0.58194352,0
507.5,0.56603945,0.41922581,0.565599062,0,0.580135598,0.42966584,0.579684243,0
508,0.566971935,0.420873462,0.565406346,0,0.580620915,0.431005346,0.579017637,0
508.5,0.569994794,0.424095204,0.567269662,0,0.582326951,0.433270741,0.579542858,0
509,0.573778234,0.427912908,0.569855184,0,0.584381838,0.435820874,0.580386289,0
509.5,0.57738317,0.431631302,0.572226981,0,0.586244548,0.438255756,0.581009225,0
510,0.580351493,0.434908846,0.573932605,0,0.587685482,0.440404854,0.581185478,0
510.5,0.582562103,0.437653943,0.574856129,0,0.588681828,0.44225143,0.580894904,0
511,0.584026745,0.439873671,0.57501369,0,0.589260039,0.443815251,0.580166221,0
511.5,0.584920317,0.441698479,0.574581758,0,0.589537671,0.445185241,0.579117499,0
512,0.585327781,0.443191796,0.573647212,0,0.589555919,0.44639321,0.577790976,0
512.5,0.585359824,0.444437093,0.572277459,0,0.589384815,0.447493085,0.576212494,0
513,0.585053151,0.445462083,0.570558384,0,0.589027426,0.448488114,0.574434196,0
513.5,0.584526302,0.446357357,0.568612763,0,0.588549853,0.44942983,0.572526774,0
514,0.583805544,0.447143727,0.566467618,0,0.587940939,0.450311076,0.5704802,0
514.5,0.582950182,0.447867516,0.564181724,0,0.587230235,0.451155784,0.568323978,0
515,0.581915215,0.448495019,0.561712596,0,0.586363165,0.451923153,0.566006124,0
515.5,0.580673431,0.4490058,0.559035356,0,0.585334765,0.452610176,0.563522991,0
516,0.57909336,0.44929828,0.556025332,0,0.584059808,0.453151574,0.560793943,0
516.5,0.577076351,0.449294587,0.552590673,0,0.582499408,0.45351682,0.557783627,0
517,0.574565061,0.448559798,0.548680063,0,0.580624748,0.453290563,0.554466753,0
517.5,0.571764796,0.44751561,0.544492982,0,0.578593943,0.452860728,0.550996396,0
518,0.568971856,0.446454451,0.540313208,0,0.576606904,0.452445435,0.547563684,0
518.5,0.56666126,0.4457503,0.536590599,0,0.575005626,0.452314192,0.544492159,0
519,0.564971315,0.445515335,0.533451916,0,0.573883372,0.452543051,0.541866775,0
519.5,0.563767836,0.445647291,0.530765791,0,0.573168032,0.453077959,0.539615715,0
520,0.562693732,0.445866267,0.528193007,0,0.572631419,0.453740674,0.537521379,0
520.5,0.561291305,0.445803996,0.52529738,0,0.571957709,0.454275756,0.53527978,0
521,0.559464376,0.445375883,0.521984568,0,0.571113606,0.45464955,0.53285339,0
521.5,0.557200434,0.444582033,0.518261035,0,0.570076141,0.454855371,0.530236937,0
522,0.554756014,0.443625693,0.514368774,0,0.568941492,0.454969495,0.527521523,0
522.5,0.55268304,0.442948797,0.51081983,0,0.567955355,0.455188821,0.524935338,0
523,0.551459447,0.442937702,0.508051555,0,0.567321208,0.455678026,0.522664765,0
523.5,0.551444332,0.443886369,0.506386388,0,0.567216593,0.456582287,0.520869914,0
524,0.552245481,0.445485273,0.505454642,0,0.567484969,0.457778661,0.519402913,0
524.5,0.553441538,0.447398334,0.504864643,0,0.567951382,0.459127993,0.518100923,0
525,0.554552921,0.44923953,0.504176829,0,0.568384948,0.460444761,0.516752342,0
525.5,0.555275666,0.450762048,0.503116634,0,0.568628831,0.461601889,0.515215488,0
526,0.555459579,0.451842249,0.501552139,0,0.568590412,0.462523611,0.513408622,0
526.5,0.554997994,0.452390956,0.499781332,0,0.568204659,0.463155996,0.511674068,0
527,0.554029846,0.452518969,0.497567486,0,0.567535797,0.463550323,0.509697017,0
527.5,0.552761979,0.452393709,0.495052787,0,0.566702195,0.463802718,0.507537624,0
528,0.551591998,0.45234009,0.492594929,0,0.565938369,0.464105017,0.505406844,0
528.5,0.551036784,0.452784033,0.490653758,0,0.565566347,0.464722898,0.50359116,0
529,0.551504773,0.454065407,0.489587244,0,0.565841082,0.46586879,0.502314013,0
529.5,0.553224919,0.456378654,0.489589774,0,0.566914973,0.467672158,0.501705118,0
530,0.55569978,0.459319259,0.490211947,0,0.5684814,0.469884035,0.501487285,0
530.5,0.558289034,0.46242469,0.490883984,0,0.570179376,0.47227333,0.501338745,0
531,0.559949741,0.464790223,0.490690551,0,0.571482541,0.474363105,0.500796879,0
531.5,0.559657521,0.465536225,0.48874507,0,0.571982929,0.475788787,0.499508764,0
532,0.557222732,0.464494237,0.484900358,0,0.571574788,0.47645794,0.497389649,0
532.5,0.558749516,0.466752985,0.484470389,0,0.572377194,0.478136904,0.496286429,0
533,0.563668248,0.471856236,0.486889028,0,0.574211552,0.480682214,0.495996191,0
533.5,0.566964201,0.475614694,0.487684229,0,0.575383418,0.482677403,0.494926167,0
534,0.568806805,0.478162134,0.487219444,0,0.575976183,0.484189005,0.493360475,0
534.5,0.569716939,0.479929816,0.485954875,0,0.576177884,0.485372519,0.491465905,0
535,0.570025157,0.481191893,0.484181482,0,0.576091191,0.486312591,0.489333994,0
535.5,0.569912996,0.482098672,0.48205939,0,0.575787941,0.487068384,0.487028697,0
536,0.569341917,0.482615505,0.479560719,0,0.575218183,0.487596655,0.48451034,0
536.5,0.568360628,0.482781395,0.476731274,0,0.574401804,0.487912939,0.48179851,0
537,0.566889997,0.482526922,0.473509346,0,0.573276405,0.487962922,0.478843757,0
537.5,0.564897457,0.48182188,0.469873021,0,0.571824475,0.48773019,0.475634808,0
538,0.562456995,0.480726786,0.465859794,0,0.57009091,0.487251423,0.472182649,0
538.5,0.559737842,0.479384394,0.461584989,0,0.568206836,0.486637617,0.468568902,0
539,0.557136519,0.478133681,0.457462155,0,0.566441934,0.486119573,0.465102787,0
539.5,0.555057038,0.477322919,0.453819978,0,0.565097393,0.485957151,0.462029069,0
540,0.553615269,0.477054633,0.450747058,0,0.564274575,0.486239841,0.45942574,0
540.5,0.552572041,0.47712748,0.44804276,0,0.563844822,0.486861149,0.457183084,0
541,0.551418796,0.477102251,0.445292302,0,0.563520642,0.487573091,0.455065017,0
541.5,0.549771513,0.476645386,0.44218779,0,0.563054018,0.488161161,0.452871068,0
542,0.547361911,0.475521669,0.438518869,0,0.562263179,0.488467173,0.450457016,0
542.5,0.54466924,0.474144169,0.434674881,0,0.561295372,0.488617511,0.447943415,0
543,0.542559025,0.47326671,0.431346155,0,0.560434128,0.488858915,0.445557248,0
543.5,0.54188395,0.473637755,0.429202469,0,0.560017204,0.489487262,0.443565022,0
544,0.542540666,0.475174527,0.428149478,0,0.560048017,0.490508026,0.441965517,0
544.5,0.543903661,0.477332403,0.427683992,0,0.560385055,0.491796551,0.440643692,0
545,0.545381287,0.479573273,0.427336809,0,0.560855001,0.493179863,0.43946133,0
545.5,0.546765634,0.481738918,0,0,0.561433837,0.494662635,0,0
546,0.5480301,0.483805676,0,0,0.562062223,0.496193355,0,0
546.5,0.549144804,0.485761227,0,0,0.562671936,0.497727026,0,0
547,0.550151729,0.487657166,0,0,0.563202095,0.499225073,0,0
547.5,0.551143142,0.489545086,0,0,0.563664099,0.500666649,0,0
548,0.552110121,0.491416712,0,0,0.564017858,0.502015432,0,0
548.5,0.552931346,0.493163846,0,0,0.564204209,0.503218201,0,0
549,0.553368398,0.494572314,0,0,0.564133007,0.504193171,0,0
549.5,0.553276286,0.49551023,0,0,0.563767866,0.504906413,0,0
550,0.552652799,0.495972359,0,0,0.563131433,0.505376298,0,0
550.5,0.551661099,0.496102463,0,0,0.562321812,0.505689519,0,0
551,0.550615535,0.496181762,0,0,0.561553073,0.506038017,0,0
551.5,0.549833892,0.49649651,0,0,0.561027221,0.506604015,0,0
552,0.549602372,0.497307211,0,0,0.560927656,0.507554883,0,0
552.5,0.549933346,0.498627936,0,0,0.561242468,0.508881987,0,0
553,0.550729769,0.500373596,0,0,0.561875698,0.510500392,0,0
553.5,0.551746217,0.502322958,0,0,0.562628188,0.512230165,0,0
554,0.552797286,0.50430828,0,0,0.563329495,0.513916648,0,0
554.5,0.553761583,0.506218366,0,0,0.563888036,0.515475412,0,0
555,0.55448877,0.507914932,0,0,0.564196554,0.516807319,0,0
555.5,0.554874988,0.509301078,0,0,0.564221492,0.51787992,0,0
556,0.554704789,0.510176778,0,0,0.563847572,0.51858564,0,0
556.5,0.55390516,0.510471259,0,0,0.563058442,0.518906796,0,0
557,0.552392916,0.510103991,0,0,0.561815972,0.518805657,0,0
557.5,0.550503856,0.509381646,0,0,0.56035664,0.518498434,0,0
558,0.549238854,0.509204685,0,0,0.559368723,0.518596185,0,0
558.5,0.549936812,0.510836894,0,0,0.559754415,0.519956475,0,0
559,0.553071416,0.514738022,0,0,0.561818565,0.522878906,0,0
559.5,0.557411362,0.519773338,0,0,0.564714507,0.526583354,0,0
560,0.561330987,0.524430604,0,0,0.567323381,0.530029074,0,0
560.5,0.564211489,0.528129668,0,0,0.569221096,0.532818905,0,0
561,0.566256186,0.531054516,0,0,0.570532036,0.535064555,0,0
561.5,0.567676493,0.533399517,0,0,0.571393222,0.536891826,0,0
562,0.568776547,0.535447686,0,0,0.572009471,0.538491168,0,0
562.5,0.569647388,0.53728335,0,0,0.572448311,0.539925141,0,0
563,0.570382274,0.538993536,0,0,0.572783279,0.541262412,0,0
563.5,0.571000052,0.540595487,0,0,0.573043668,0.542530285,0,0
564,0.571507928,0.542095594,0,0,0.573237689,0.543736335,0,0
564.5,0.571916808,0.543503765,0,0,0.573383977,0.544898044,0,0
565,0.572223054,0.544815999,0,0,0.573478166,0.546010996,0,0
565.5,0.572449537,0.546053833,0,0,0.573539002,0.547093064,0,0
566,0.572586804,0.547220221,0,0,0.573556432,0.548146893,0,0
566.5,0.572664238,0.548331208,0,0,0.573548352,0.549177755,0,0
567,0.57266673,0.549370987,0,0,0.573501066,0.550171382,0,0
567.5,0.572618307,0.550362334,0,0,0.573427358,0.55113994,0,0
568,0.572504741,0.551291115,0,0,0.573313666,0.552070066,0,0
568.5,0.57232494,0.552156292,0,0,0.573157398,0.552959414,0,0
569,0.572056616,0.552935664,0,0,0.572941302,0.553790779,0,0
569.5,0.57164883,0.553579926,0,0,0.572630733,0.554530792,0,0
570,0.571042788,0.554043629,0,0,0.57218283,0.555149733,0,0
570.5,0.570061641,0.554141515,0,0,0.571484462,0.5555246,0,0
571,0.568548488,0.553718537,0,0,0.570433197,0.555554086,0,0
571.5,0.56605372,0.552333074,0,0,0.568727996,0.554942528,0,0
572,0.562053898,0.549467804,0,0,0.566019283,0.553344392,0,0
572.5,0.556696106,0.545258444,0,0,0.562397496,0.550842695,0,0
573,0.552428579,0.542099668,0,0,0.55951553,0.549054113,0,0
573.5,0.552222235,0.542918519,0,0,0.559382831,0.549958474,0,0
574,0.555892347,0.547555411,0,0,0.561882829,0.553456051,0,0
574.5,0.560064402,0.552701617,0,0,0.564730722,0.557306593,0,0
575,0.563080135,0.556720292,0,0,0.566814746,0.560412721,0,0
575.5,0.564702626,0.559370309,0,0,0.567980556,0.562617286,0,0
576,0.565551178,0.561258453,0,0,0.56864428,0.564328078,0,0
576.5,0.565842828,0.562596108,0,0,0.568945709,0.565681185,0,0
577,0.56577837,0.563580109,0,0,0.56901778,0.566806933,0,0
577.5,0.565509054,0.564359284,0,0,0.56894858,0.567791816,0,0
578,0.56511666,0.565014175,0,0,0.568786844,0.568683693,0,0
578.5,0.564661522,0.565604565,0,0,0.568559805,0.569509359,0,0
579,0.564198688,0.566185124,0,0,0.568305009,0.570305902,0,0
579.5,0.563737168,0.566754157,0,0,0.568019009,0.571058913,0,0
580,0.563289298,0.567332032,0,0,0.567721031,0.571795571,0,0
580.5,0.562834919,0.567901377,0,0,0.567396791,0.572504314,0,0
581,0.56237208,0.568459823,0,0,0.567054471,0.573192901,0,0
581.5,0.561877555,0.568983721,0,0,0.566679954,0.573846857,0,0
582,0.561353824,0.569475422,0,0,0.566280816,0.574473698,0,0
582.5,0.560789084,0.569922837,0,0,0.56584521,0.575061314,0,0
583,0.560201163,0.570343869,0,0,0.565387395,0.575624,0,0
583.5,0.559583742,0.570731924,0,0,0.564894278,0.576148258,0,0
584,0.558957264,0.57110765,0,0,0.564380971,0.576649255,0,0
584.5,0.558313596,0.571462765,0,0,0.563836636,0.57711588,0,0
585,0.55765775,0.571802232,0,0,0.563265535,0.577552254,0,0
585.5,0.556968121,0.572103743,0,0,0.562655109,0.577945275,0,0
586,0.556238034,0.572360366,0,0,0.562009047,0.578298648,0,0
586.5,0.555421342,0.572524288,0,0,0.561299435,0.578583384,0,0
587,0.554515283,0.572592022,0,0,0.560535072,0.578808051,0,0
587.5,0.553488203,0.572530489,0,0,0.55969714,0.578953039,0,0
588,0.552319699,0.572300662,0,0,0.55878929,0.5790043,0,0
588.5,0.550991305,0.571896945,0,0,0.557791843,0.578955508,0,0
589,0.549492852,0.571310784,0,0,0.556702055,0.578806232,0,0
589.5,0.547761,0.570475296,0,0,0.555479654,0.578514023,0,0
590,0.545829176,0.569423842,0,0,0.554143997,0.578098089,0,0
590.5,0.543687658,0.568145855,0,0,0.552682616,0.577545457,0,0
591,0.541334742,0.566638342,0,0,0.551094335,0.576854127,0,0
591.5,0.538856979,0.564991292,0,0,0.549424997,0.576071854,0,0
592,0.53638005,0.563335887,0,0,0.54775505,0.575282539,0,0
592.5,0.534130131,0.561910394,0,0,0.546228146,0.574637631,0,0
593,0.532381937,0.561005419,0,0,0.545030221,0.574333737,0,0
593.5,0.531344215,0.560844062,0,0,0.544302992,0.574522301,0,0
594,0.531212752,0.561637213,0,0,0.544182185,0.575349452,0,0
594.5,0.531910512,0.56330804,0,0,0.544609815,0.576756956,0,0
595,0.53314264,0.56554992,0,0,0.54537777,0.578528767,0,0
595.5,0.534641543,0.568087751,0,0,0.54629337,0.580468496,0,0
596,0.536107101,0.570595746,0,0,0.547165812,0.582365882,0,0
596.5,0.537306406,0.572825558,0,0,0.547866088,0.584083299,0,0
597,0.538136255,0.574665532,0,0,0.548347619,0.585570054,0,0
597.5,0.538507459,0.576018319,0,0,0.548564866,0.586776296,0,0
598,0.538486165,0.576952429,0,0,0.548561241,0.587747209,0,0
598.5,0.538141718,0.577540216,0,0,0.548371468,0.588518907,0,0
599,0.537548133,0.577859685,0,0,0.548031747,0.589129481,0,0
599.5,0.536800418,0.578011745,0,0,0.547574532,0.589613011,0,0
600,0.536046831,0.578155554,0,0,0.547067144,0.59004156,0,0
600.5,0.53538183,0.578393211,0,0,0.546535185,0.590442601,0,0
601,0.534917691,0.578846617,0,0,0.546023003,0.590863927,0,0
601.5,0.534646247,0.579508223,0,0,0.545524971,0.591299777,0,0
602,0.534479511,0.580283445,0,0,0.545012789,0.591719406,0,0
602.5,0.534280938,0.581024612,0,0,0.544430611,0.59206227,0,0
603,0.533846278,0.581508949,0,0,0.543690117,0.592231662,0,0
603.5,0.533039558,0.581586941,0,0,0.542737409,0.592168039,0,0
604,0.531775015,0.581162969,0,0,0.541531445,0.591825515,0,0
604.5,0.530022866,0.580201922,0,0,0.54004357,0.591171321,0,0
605,0.527848762,0.578773259,0,0,0.538279753,0.590210586,0,0
605.5,0.525546314,0.577197266,0,0,0.53638521,0.589101415,0,0
606,0.523407612,0.575794528,0,0,0.534538748,0.588039759,0,0
606.5,0.521739853,0.574940065,0,0,0.532958662,0.587302821,0,0
607,0.520975718,0.575105381,0,0,0.531996964,0.58727174,0,0
607.5,0.521175805,0.576335698,0,0,0.531741242,0.588019352,0,0
608,0.52220515,0.578487236,0,0,0.532112768,0.589462676,0,0
608.5,0.523704981,0.581166214,0,0,0.532865468,0.591331795,0,0
609,0.525214716,0.58386335,0,0,0.533685405,0.593279927,0,0
609.5,0.526424081,0.58623293,0,0,0.534343617,0.595052231,0,0
610,0.52723129,0.588159603,0,0,0.534761467,0.596559988,0,0
610.5,0.527645278,0.589650599,0,0,0.534934624,0.597796539,0,0
611,0.527696471,0.590737618,0,0,0.534869586,0.598767669,0,0
611.5,0.527530775,0.591581954,0,0,0.534647591,0.599562872,0,0
612,0.527240405,0.592285685,0,0,0.534314119,0.600232078,0,0
612.5,0.526906157,0.59293882,0,0,0.533910719,0.600821205,0,0
613,0.526583704,0.593603737,0,0,0.533459595,0.601354746,0,0
613.5,0.526305787,0.594317142,0,0,0.532983271,0.601857517,0,0
614,0.526057294,0.595059391,0,0,0.532480604,0.602325236,0,0
614.5,0.525815994,0.595805127,0,0,0.531951026,0.602756766,0,0
615,0.525536063,0.596504979,0,0,0.53137594,0.60313348,0,0
615.5,0.525167444,0.59710173,0,0,0.530739118,0.603436578,0,0
616,0.52467557,0.597555019,0,0,0.530027543,0.603650401,0,0
616.5,0.524043824,0.597845334,0,0,0.529240511,0.603773874,0,0
617,0.523244406,0.597939682,0,0,0.528360704,0.603786352,0,0
617.5,0.522269464,0.597827905,0,0,0.527389595,0.603688782,0,0
618,0.521088791,0.597474242,0,0,0.526305638,0.603455818,0,0
618.5,0.519737379,0.596917595,0,0,0.525133434,0.603114955,0,0
619,0.518214647,0.596156022,0,0,0.523867598,0.602659198,0,0
619.5,0.516554324,0.59522722,0,0,0.522533679,0.60211725,0,0
620,0.514773505,0.594150001,0,0,0.521137825,0.601495679,0,0
620.5,0.512933669,0.592994834,0,0,0.519724179,0.60084524,0,0
621,0.511091452,0.591826509,0,0,0.518321735,0.600198931,0,0
621.5,0.509322262,0.590732348,0,0,0.516981947,0.599616357,0,0
622,0.507674234,0.589768519,0,0,0.515728054,0.599124696,0,0
622.5,0.506215506,0.589014827,0,0,0.514604443,0.598775903,0,0
623,0.505003057,0.588538504,0,0,0.513636494,0.598600047,0,0
623.5,0.504048447,0.588354271,0,0,0.512831037,0.598605815,0,0
624,0.503338851,0.588448442,0,0,0.512169102,0.5987718,0,0
624.5,0.502871483,0.588818766,0,0,0.511650205,0.599097886,0,0
625,0.502606313,0.589419552,0,0,0.511244187,0.599549412,0,0
625.5,0.50252281,0.590227436,0,0,0.510943813,0.600118145,0,0
626,0.502559194,0.591168175,0,0,0.510712461,0.600758989,0,0
626.5,0.502761885,0.592190753,0,0,0.510623697,0.601450987,0,0
627,0.50298966,0.593239356,0,0,0.510553773,0.602160671,0,0
627.5,0.50321788,0.594285387,0,0,0.510493906,0.602878157,0,0
628,0.50341298,0.595289401,0,0,0.510422471,0.603578173,0,0
628.5,0.503555636,0.596228788,0,0,0.510332103,0.60425238,0,0
629,0.503625216,0.597079311,0,0,0.510207376,0.604882875,0,0
629.5,0.503618277,0.597836711,0,0,0.510047559,0.605468802,0,0
630,0.503521279,0.598485165,0,0.490482733,0.509841789,0.60599772,0,0.496639575
630.5,0.503331771,0.599021492,0,0.492056903,0.509589602,0.606469016,0,0.498174556
631,0.50304169,0.599436172,0,0.49353267,0.509284206,0.606874899,0,0.499657184
631.5,0.502646396,0.599723513,0,0.494904656,0.508924036,0.607213566,0,0.501085608
632,0.502141626,0.599878491,0,0.496167993,0.508505881,0.607481486,0,0.502456537
632.5,0.501539812,0.599915792,0,0.49733411,0.508037886,0.607688449,0,0.503777694
633,0.500847307,0.599842677,0,0.498408384,0.507524334,0.607839457,0,0.505052897
633.5,0.500076592,0.599673771,0,0.499402378,0.506974214,0.60794515,0,0.506290701
634,0.499243863,0.599429142,0,0.500332308,0.506398396,0.608019404,0,0.507502439
634.5,0.498371137,0.599135471,0,0.501220074,0.505811422,0.608080088,0,0.508702891
635,0.497488044,0.598826082,0,0.50209537,0.505233525,0.608149313,0,0.509912583
635.5,0.496630753,0.598542369,0,0.502995111,0.50468591,0.608250492,0,0.511153495
636,0.495835282,0.598333546,0,0.503956555,0.50418864,0.608413698,0,0.512446733
636.5,0.495134164,0.598239643,0,0.505013898,0.503757554,0.608658745,0,0.513809356
637,0.494558594,0.598299238,0,0.506200417,0.503406921,0.609003625,0,0.515257031
637.5,0.494128653,0.598537739,0,0.507538508,0.503141277,0.609454725,0,0.51679572
638,0.493857276,0.5989719,0,0.509043407,0.502961618,0.610014047,0,0.518427708
638.5,0.493742962,0.599601183,0,0.510715747,0.502858514,0.610671105,0,0.520144654
639,0.493777637,0.600416914,0,0.512549211,0.502820835,0.611413137,0,0.521936197
639.5,0.493914943,0.601363952,0,0.514497658,0.502818532,0.612204477,0,0.523772283
640,0.494119206,0.602399626,0,0.516525223,0.502831335,0.613020916,0,0.525632407
640.5,0.494346534,0.603471814,0,0.518587592,0.502833809,0.613832626,0,0.527491054
641,0.494560428,0.604536028,0,0.520646633,0.502808633,0.614618389,0,0.529329899
641.5,0.494653568,0.605546854,0,0.522663073,0.502665021,0.615354344,0,0.531128171
642,0.49460335,0.60647283,0,0.524609369,0.502395646,0.616027589,0,0.532874399
642.5,0.49445134,0.607283506,0,0.526458614,0.50205514,0.616622469,0,0.53455463
643,0.494174796,0.607949751,0,0.528184816,0.501633804,0.617126063,0,0.536157167
643.5,0.493767579,0.608462871,0,0.529779561,0.501129291,0.617534606,0,0.537678185
644,0.493225761,0.608817694,0,0.531237439,0.500541849,0.617848373,0,0.539117359
644.5,0.492541286,0.609003709,0,0.532548336,0.49986663,0.618061146,0,0.540468687
645,0.491714402,0.609018178,0,0.533708869,0.499106342,0.618173546,0,0.541732112
645.5,0.490740291,0.608853781,0,0.534711612,0.498257879,0.618180735,0,0.542902791
646,0.48962156,0.608512336,0,0.535557128,0.497325016,0.61808636,0,0.543983311
646.5,0.488357293,0.607991287,0,0.536242137,0.49630715,0.617888639,0,0.5449715
647,0.486955614,0.607299418,0,0.536773361,0.495211749,0.617595933,0,0.545874136
647.5,0.485419622,0.606438959,0,0.537121034,0.494041652,0.617210536,0,0.546661385
648,0.483768732,0.605432975,0,0.537316727,0.492812376,0.616751028,0,0.547361404
648.5,0.482029745,0.604313796,0,0.537402453,0.491541454,0.61623849,0,0.54800681
649,0.480235211,0.603121204,0,0.537413056,0.490253421,0.615702945,0,0.548624056
649.5,0.478415718,0.601892762,0,0.537381689,0.488970335,0.615171481,0,0.54923719
650,0.476605752,0.600671279,0,0.537346463,0.48772005,0.614678748,0,0.549877217
650.5,0.474826119,0.599482506,0,0.537330502,0.486520902,0.614247527,0,0.550564743
651,0.473091951,0.59835403,0,0.537350961,0.485390115,0.613908419,0,0.551319557
651.5,0.471412586,0.597292867,0,0.537418566,0.484334318,0.613665061,0,0.552149566
652,0.469847241,0.596369771,0,0.537601127,0.483375314,0.613540743,0,0.553080003
652.5,0.468572593,0.595809764,0,0.538102628,0.482566028,0.613603005,0,0.554172505
653,0.467902132,0.596013462,0,0.539287439,0.482005899,0.613978832,0,0.555542942
653.5,0.468063397,0.597274843,0,0.541425918,0.481759329,0.614751612,0,0.5572685
654,0.46876238,0.599223042,0,0.54418655,0.481710913,0.615775265,0,0.559218511
654.5,0.469596156,0.601345171,0,0.547106099,0.481708083,0.616855198,0,0.561217181
655,0.470312765,0.603318177,0,0.549890947,0.481656487,0.617869927,0,0.563154058
655.5,0.470816551,0.605017833,0,0.552426903,0.48151402,0.618764502,0,0.564978648
656,0.471093971,0.6064246,0,0.554694734,0.481272624,0.619527263,0,0.5666797
656.5,0.471148582,0.607540291,0,0.556694665,0.48092836,0.620151194,0,0.568250149
657,0.470992344,0.608377507,0,0.55843685,0.480485141,0.620639287,0,0.569692082
657.5,0.470630167,0.608942022,0,0.559925266,0.479941418,0.620989724,0,0.571003188
658,0.470072302,0.609245083,0,0.561168978,0.479302415,0.621207926,0,0.572187821
658.5,0.469385905,0.609291868,0,0.562166155,0.47863179,0.621293597,0,0.57323961
659,0.468558768,0.6090977,0,0.562934307,0.477911707,0.621255947,0,0.574171083
659.5,0.467562771,0.608676066,0,0.563485179,0.477106368,0.621099978,0,0.574986684
660,0.466421371,0.608056798,0,0.563845422,0.476229425,0.620843205,0,0.575702139
660.5,0.465161708,0.607275483,0,0.564047223,0.475293512,0.620502702,0,0.576332877
661,0.463829378,0.606390911,0,0.564144589,0.474324159,0.620111344,0,0.576909139
661.5,0.462486638,0.605484547,0,0.564213012,0.4733523,0.619709801,0,0.577468633
662,0.461211331,0.604658716,0,0.564347954,0.472419799,0.619353276,0,0.578062873
662.5,0.460083711,0.604019569,0,0.56464906,0.471567088,0.619095487,0,0.578742316
663,0.459188203,0.603679293,0,0.565222247,0.470840138,0.6189977,0,0.579564803
663.5,0.458589374,0.603724509,0,0.566150106,0.470272063,0.619104554,0,0.580572934
664,0.458335842,0.604221155,0,0.567496292,0.469889934,0.619452839,0,0.581802186
664.5,0.458450315,0.605201557,0,0.569293197,0.469701464,0.620054231,0,0.583264619
665,0.458938963,0.606676253,0,0.57155285,0.469705592,0.620908772,0,0.58496138
665.5,0.459749144,0.608577879,0,0.574213809,0.469870918,0.621976247,0,0.586855622
666,0.46076064,0.610749189,0,0.577129286,0.470143022,0.623185759,0,0.588881261
666.5,0.461825138,0.612994931,0,0.580115618,0.470452473,0.624446263,0,0.590952733
667,0.462842131,0.615181994,0,0.583046926,0.470751505,0.625694659,0,0.593010444
667.5,0.46375277,0.617232389,0,0.585848906,0.471004814,0.626884507,0,0.595010257
668,0.464533049,0.61911381,0,0.58849025,0.471196507,0.62799464,0,0.596931803
668.5,0.465167857,0.620805771,0,0.590950733,0.471312511,0.62900633,0,0.598756921
669,0.465658518,0.622309738,0,0.593230954,0.471351486,0.629917865,0,0.600483575
669.5,0.466006853,0.623627601,0,0.595331993,0.471309874,0.6307243,0,0.602106696
670,0.46622655,0.624773976,0,0.597270476,0.471194094,0.631430809,0,0.603634266
670.5,0.46632806,0.625766106,0,0.599058736,0.471005806,0.632043178,0,0.605067905
671,0.466318701,0.626629992,0,0.600721062,0.470742591,0.632574729,0,0.606420005
671.5,0.466220083,0.627382997,0,0.602273599,0.470416216,0.63302965,0,0.607694259
672,0.4660554,0.628050966,0,0.603740742,0.470040652,0.633421447,0,0.608903345
672.5,0.465834118,0.628646412,0,0.605134194,0.469617669,0.633752341,0,0.610049155
673,0.465568429,0.629185762,0,0.606469503,0.469154524,0.634032139,0,0.611140904
673.5,0.465257554,0.629667884,0,0.607745353,0.468648916,0.634257668,0,0.612175339
674,0.464901868,0.630093271,0,0.608961997,0.468103449,0.634432455,0,0.613155659
674.5,0.464488948,0.630444946,0,0.610102791,0.467511066,0.634546827,0,0.61407232
675,0.46401014,0.630711084,0,0.611221121,0.466870642,0.634599254,0,0.61498914
675.5,0.463447173,0.630866573,0,0.612250705,0.466172199,0.634576009,0,0.615850683
676,0.462789421,0.630896536,0,0.613155862,0.465413139,0.634473313,0,0.616632061
676.5,0.462019247,0.630776594,0,0.613912351,0.464582765,0.634276464,0,0.617318649
677,0.46112849,0.630495178,0,0.614508288,0.463678563,0.633981861,0,0.617906561
677.5,0.460102717,0.63003205,0,0.614923268,0.462690324,0.633575336,0,0.618381583
678,0.458937983,0.629380816,0,0.615150311,0.461617013,0.633054798,0,0.618741223
678.5,0.457625111,0.628528674,0,0.615176136,0.460450775,0.632409604,0,0.618974619
679,0.456169065,0.627481235,0,0.615005441,0.45919588,0.631644756,0,0.619086181
679.5,0.454575239,0.626245491,0,0.614644315,0.45785387,0.630762296,0,0.619077446
680,0.452871463,0.624859005,0,0.61412894,0.456444154,0.629788501,0,0.618973787
680.5,0.451097049,0.623375845,0,0.613511945,0.454991182,0.628757188,0,0.618808138
681,0.449323588,0.621894509,0,0.612890045,0.453544069,0.627735943,0,0.6186469
681.5,0.44763765,0.620535256,0,0.612381955,0.452159515,0.626803667,0,0.618568004
682,0.446147345,0.619448792,0,0.612137121,0.450911822,0.626063983,0,0.618674229
682.5,0.444945525,0.61876563,0,0.612285811,0.449862604,0.62560359,0,0.619052162
683,0.444099338,0.61858168,0,0.612924686,0.449058915,0.625489827,0,0.619769658
683.5,0.443614153,0.618906709,0,0.614065441,0.448503604,0.625728209,0,0.620833582
684,0.443445153,0.619680755,0,0.615650531,0.448168385,0.626281112,0,0.622207961
684.5,0.443496183,0.620771767,0,0.617550366,0.447987772,0.627058746,0,0.62380472
685,0.443660941,0.622032578,0,0.619619599,0.447892132,0.627964899,0,0.625528907
685.5,0.44383269,0.623314141,0,0.621710229,0.44780922,0.62889874,0,0.627280457
686,0.443934016,0.624507912,0,0.623713927,0.447688852,0.62979006,0,0.628989359
686.5,0.443908168,0.625533858,0,0.62555031,0.447492124,0.630584194,0,0.63060078
687,0.443730628,0.626356413,0,0.627183113,0.447203289,0.631258314,0,0.632091485
687.5,0.443391463,0.626961012,0,0.628596944,0.446813147,0.631799316,0,0.633447873
688,0.442902334,0.627354964,0,0.62980639,0.44632745,0.632206515,0,0.634676899
688.5,0.442280895,0.627569308,0,0.63083508,0.445752565,0.632495395,0,0.635786801
689,0.441556605,0.627646477,0,0.631723662,0.44510303,0.632687509,0,0.63679744
689.5,0.440757339,0.627625696,0,0.632511101,0.444390346,0.632798993,0,0.637724666
690,0.439912228,0.62754803,0,0.633238423,0.443628675,0.632849654,0,0.63858812
690.5,0.439040893,0.627441718,0,0.633933909,0.442826761,0.632852174,0,0.639400348
691,0.43815553,0.627323997,0,0.634614854,0.441991903,0.632816678,0,0.640171371
691.5,0.437256842,0.62719625,0,0.635282582,0.441126201,0.632746415,0,0.640904304
692,0.436337656,0.627048045,0,0.635926444,0.440229072,0.632640285,0,0.641597864
692.5,0.435385833,0.62686216,0,0.636528842,0.439298161,0.632495073,0,0.642248618
693,0.434385833,0.626616239,0,0.637066872,0.438328835,0.632304153,0,0.642849649
693.5,0.433324792,0.626291299,0,0.637520953,0.437318712,0.632063776,0,0.643396933
694,0.432188329,0.625866413,0,0.637869431,0.436262509,0.631766371,0,0.643882539
694.5,0,0.625329949,0,0.63810003,0,0.631411347,0,0.644305619
695,0,0.624667076,0,0.638197156,0,0.63099241,0,0.644659495
695.5,0,0.623875062,0,0.638157518,0,0.630513045,0,0.644947464
696,0,0.622945239,0,0.637971735,0,0.629968546,0,0.645164456
696.5,0,0.621879914,0,0.637641645,0,0.629365536,0,0.645316991
697,0,0.620689836,0,0.637177761,0,0.628707188,0,0.645408085
697.5,0,0.619402047,0,0.636607404,0,0.628011637,0,0.645456146
698,0,0.618039341,0,0.635953656,0,0.627285817,0,0.645468147
698.5,0,0.616653414,0,0.635269483,0,0.626557857,0,0.64547293
699,0,0.615291773,0,0.634603786,0,0.625843411,0,0.645486606
699.5,0,0.614028234,0,0.634032858,0,0.625178536,0,0.645546429
700,0,0.612920168,0,0.633616338,0,0.624580754,0,0.645670661
700.5,0,0.612032584,0,0.633422043,0,0.624079926,0,0.645890418
701,0,0.611394858,0,0.633481167,0,0.623682572,0,0.646212768
701.5,0,0.611025029,0,0.633813277,0,0.623400732,0,0.646650533
702,0,0.610892741,0,0.634387756,0,0.623215752,0,0.647184711
702.5,0,0.610961455,0,0.635167412,0,0.623118013,0,0.647805606
703,0,0.611162367,0,0.636081294,0,0.62307382,0,0.648478413
703.5,0,0.611441438,0,0.637073512,0,0.623066129,0,0.649185519
704,0,0.611733911,0,0.638076746,0,0.62306279,0,0.649893476
704.5,0,0.611998208,0,0.63904758,0,0.623050675,0,0.650588549
705,0,0.612196916,0,0.639946765,0,0.623009159,0,0.651249108
705.5,0,0.612321647,0,0.640765255,0,0.622938568,0,0.651875354
706,0,0.612368109,0,0.641490588,0,0.622838003,0,0.6524584
706.5,0,0.61234122,0,0.642092823,0,0.622711392,0,0.652966848
707,0,0.612244558,0,0.642606489,0,0.622557401,0,0.653430758
707.5,0,0.61210163,0,0.643064018,0,0.622391407,0,0.65387429
708,0,0.611935096,0,0.643489111,0,0.622224711,0,0.654309304
708.5,0,0.611779614,0,0.643918189,0,0.622078129,0,0.654757716
709,0,0.611668216,0,0.644386091,0,0.621969024,0,0.655237885
709.5,0,0.61163789,0,0.644931954,0,0.621918282,0,0.655771951
710,0,0.611719625,0,0.645588717,0,0.621941863,0,0.65637693
710.5,0,0.611944891,0,0.646389936,0,0.622056207,0,0.657070396
711,0,0.612325354,0,0.647348337,0,0.622265572,0,0.657857103
711.5,0,0.612842186,0,0.648444411,0,0.622555569,0,0.65872208
712,0,0.613473715,0,0.649655562,0,0.622912939,0,0.659651498
712.5,0,0.614181017,0,0.650940819,0,0.623313109,0,0.660619483
713,0,0.614923192,0,0.652256979,0,0.623734686,0,0.661603444
713.5,0,0.61564577,0,0.653546283,0,0.624146803,0,0.662570659
714,0,0.616298988,0,0.654755793,0,0.624527342,0,0.663497593
714.5,0,0.616819171,0,0.655817613,0,0.624844328,0,0.664350161
715,0,0.61714934,0,0.656670771,0,0.625076931,0,0.665106035
715.5,0,0.617219838,0,0.657240622,0,0.625193757,0,0.665731574
716,0,0.61696997,0,0.657461864,0,0.625172304,0,0.666202519
716.5,0,0.616580423,0,0.657526434,0,0.625070315,0,0.666580125
717,0,0.616403725,0,0.657810234,0,0.625010602,0,0.666995273
717.5,0,0.616597768,0,0.658482381,0,0.625040299,0,0.667498401
718,0,0.617002297,0,0.659372449,0,0.62510912,0,0.668035975
718.5,0,0.617330083,0,0.660173732,0,0.625112875,0,0.668496661
719,0,0.617400954,0,0.660693247,0,0.624993839,0,0.668818547
719.5,0,0.617158351,0,0.660869878,0,0.624724394,0,0.668971802
720,0,0.616625787,0,0.660728166,0,0.624314137,0,0.668966402
720.5,0,0.615794296,0,0.660257912,0,0.62374337,0,0.668780952
721,0,0.614710165,0,0.6595082,0,0.623028301,0,0.668432535
721.5,0,0.61338841,0,0.65849468,0,0.622162312,0,0.667913782
722,0,0.611850443,0,0.657239932,0,0.621150804,0,0.66723023
722.5,0,0.610104739,0,0.655752702,0,0.619984857,0,0.66637205
723,0,0.608189324,0,0.654073555,0,0.618682753,0,0.665358649
723.5,0,0.606146762,0,0.652248041,0,0.61726211,0,0.664208782
724,0,0.604074179,0,0.650380577,0,0.615787417,0,0.662991715
724.5,0,0.602122872,0,0.648634253,0,0.614357861,0,0.661814343
725,0,0.600607812,0,0.647351158,0,0.613198121,0,0.66092133
725.5,0,0.599759331,0,0.646778102,0,0.612482119,0,0.660498307
726,0,0.599736298,0,0.647087663,0,0.61234103,0,0.660687584
726.5,0,0.600508214,0,0.64824829,0,0.61277612,0,0.661491488
727,0,0.601871424,0,0.650041298,0,0.613683701,0,0.662798953
727.5,0,0.603439887,0,0.652050442,0,0.614841202,0,0.664370198
728,0,0.604738936,0,0.653814758,0,0.615985994,0,0.665974538
728.5,0,0.605146626,0,0.654708365,0,0.61679531,0,0.66731108
729,0,0.604345928,0,0.654289682,0,0.617096365,0,0.668093828
729.5,0,0.603049171,0,0.65332776,0,0.617115266,0,0.668566601
730,0,0.602595727,0,0.653273548,0,0.617317271,0,0.669233162
730.5,0,0.603711561,0,0.654916424,0,0.617955997,0,0.670369028
731,0,0.606166004,0,0.658009344,0,0.61897027,0,0.671908716
731.5,0,0.608942229,0,0.661450589,0,0.620019798,0,0.673483363
732,0,0.61123056,0,0.664360714,0,0.620845011,0,0.674810884
732.5,0,0.612787315,0,0.666473615,0,0.621367086,0,0.67580506
733,0,0.613827748,0,0.668022004,0,0.621680549,0,0.676568122
733.5,0,0.614457943,0,0.669120324,0,0.621822167,0,0.677139671
734,0,0.614783276,0,0.669882549,0,0.621837569,0,0.677569075
734.5,0,0.614870965,0,0.670381346,0,0.621748237,0,0.677879496
735,0,0.614776822,0,0.670677132,0,0.621581043,0,0.678100045
735.5,0,0.614499212,0,0.670767764,0,0.621332086,0,0.678226311
736,0,0.614014755,0,0.670627358,0,0.620999963,0,0.678256607
736.5,0,0.613316434,0,0.670247859,0,0.620580435,0,0.678186144
737,0,0.61241248,0,0.66963788,0,0.620082079,0,0.678024146
737.5,0,0.611327083,0,0.668823521,0,0.619508827,0,0.677774773
738,0,0.61013249,0,0.667883556,0,0.618890245,0,0.677470261
738.5,0,0.608921879,0,0.666919867,0,0.618253656,0,0.677140468
739,0,0.60790121,0,0.666158145,0,0.617672173,0,0.676865488
739.5,0,0.607216444,0,0.665758779,0,0.617192223,0,0.676696332
740,0,0.60693839,0,0.665800036,0,0.616842403,0,0.676664552
740.5,0,0.607063074,0,0.666278254,0,0.616616836,0,0.676763925
741,0,0.607541598,0,0.66714041,0,0.616502743,0,0.676980628
741.5,0,0.608266063,0,0.668268534,0,0.616458635,0,0.677269263
742,0,0.609109674,0,0.669523636,0,0.61644366,0,0.677585037
742.5,0,0.609911624,0,0.670729043,0,0.616400264,0,0.677864698
743,0,0.610605043,0,0.671811091,0,0.616308659,0,0.678086429
743.5,0,0.611145449,0,0.672720625,0,0.616149078,0,0.678228388
744,0,0.611517646,0,0.673440656,0,0.61591953,0,0.67828828
744.5,0,0.611708214,0,0.673956127,0,0.615610717,0,0.678255752
745,0,0.611696276,0,0.674243745,0,0.615215509,0,0.67812283
745.5,0,0.61150002,0,0.674323265,0,0.614735688,0,0.677891353
746,0,0.611147959,0,0.674225871,0,0.614184648,0,0.677575983
746.5,0,0.610641678,0,0.673953095,0,0.613557993,0,0.677171774
747,0,0.609993338,0,0.673518154,0,0.6128624,0,0.676686
747.5,0,0.609203595,0,0.672906942,0,0.612093489,0,0.676099027
748,0,0.608252349,0,0.672094947,0,0.611241223,0,0.675397535
748.5,0,0.607171784,0,0.671136274,0,0.610318002,0,0.67461394
749,0,0.60597705,0,0.670047535,0,0.609333479,0,0.673758842
749.5,0,0.604671762,0,0.668832381,0,0.608286917,0,0.672831134
750,0,0.603270842,0,0.667506957,0,0.607188651,0,0.671841932
750.5,0,0.601773243,0,0.666070508,0,0.606036024,0,0.670788751
751,0,0.600201369,0,0.664547758,0,0.604844766,0,0.669688963
751.5,0,0.598584731,0,0.662971328,0,0.60363004,0,0.668559335
752,0,0.596947245,0,0.661367696,0,0.602408264,0,0.667418048
752.5,0,0.595305239,0,0.659754952,0,0.601187935,0,0.666274528
753,0,0.593683899,0,0.658161038,0,0.59998628,0,0.66514789
753.5,0,0.592124093,0,0.656631318,0,0.598828797,0,0.664066446
754,0,0.590643892,0,0.65518592,0,0.597725805,0,0.663041701
754.5,0,0.589255997,0,0.653839036,0,0.596682827,0,0.662079853
755,0,0.587979029,0,0.652611444,0,0.595712121,0,0.661194581
755.5,0,0.586821339,0,0.651512539,0,0.594816282,0,0.660388845
756,0,0.585831946,0,0.650596889,0,0.594025697,0,0.659696476
756.5,0,0.58498692,0,0.649838079,0,0.593321593,0,0.659096728
757,0,0.584277836,0,0.649226893,0,0.592698861,0,0.65858401
757.5,0,0.583694056,0,0.648751638,0,0.592147984,0,0.658147827
758,0,0.583231599,0,0.648408007,0,0.591667343,0,0.657786449
758.5,0,0.582896256,0,0.64820255,0,0.591257092,0,0.657500114
759,0,0.582650135,0,0.648093232,0,0.590895762,0,0.657265004
759.5,0,0.582462649,0,0.648046097,0,0.590563969,0,0.657059599
760,0,0.582319549,0,0.648045337,0,0.590254665,0,0.656876082
760.5,0,0.582200361,0,0.6480682,0,0.589954548,0,0.656699664
761,0,0.582086436,0,0.648093938,0,0.589653524,0,0.65651912
761.5,0,0.581950171,0,0.648091817,0,0.589335161,0,0.656316148
762,0,0.581782614,0,0.648051845,0,0.588995893,0,0.656086768
762.5,0,0.581571075,0,0.64795986,0,0.588627374,0,0.655821665
763,0,0.581309746,0,0.647809358,0,0.588227621,0,0.655518611
763.5,0,0.580966699,0,0.647564715,0,0.587776701,0,0.655155369
764,0,0.580560752,0,0.647246857,0,0.587287671,0,0.654746464
764.5,0,0.580090634,0,0.646854325,0,0.586759063,0,0.654290235
765,0,0.579561501,0,0.64639283,0,0.586195451,0,0.653791764
765.5,0,0.578970761,0,0.645859447,0,0.585595031,0,0.653249021
766,0,0.578329634,0,0.64526666,0,0.584967143,0,0.652672408
766.5,0,0.577665401,0,0.644644888,0,0.584327977,0,0.652079981
767,0,0.576997239,0,0.644015529,0,0.583691173,0,0.651486964
767.5,0,0.576341381,0,0.643396709,0,0.583066955,0,0.65090478
768,0,0.575742439,0,0.642838253,0,0.582487406,0,0.650369264
768.5,0,0.575234201,0,0.642377931,0,0.581973829,0,0.649904236
769,0,0.574833457,0,0.642034552,0,0.5815375,0,0.649522334
769.5,0,0.574555428,0,0.64182518,0,0.581187982,0,0.649234283
770,0,0.574428429,0,0.641781516,0,0.580945221,0,0.649062417
770.5,0,0.574497023,0,0.641953431,0,0.58083978,0,0.649040944
771,0,0.57470043,0,0.642273093,0,0.580829336,0,0.64912263
771.5,0,0.575019122,0,0.642718733,0,0.580899967,0,0.649291956
772,0,0.575433154,0,0.643269596,0,0.581038077,0,0.649535269
772.5,0,0.575911813,0,0.643900849,0,0.581220635,0,0.649836402
773,0,0.576402038,0,0.644542277,0,0.581414214,0,0.650146976
773.5,0,0.576874328,0,0.64516085,0,0.581597788,0,0.650443441
774,0,0.577309955,0,0.645735567,0,0.581758902,0,0.650711826
774.5,0,0.577674795,0,0.646228195,0,0.581874176,0,0.650925923
775,0,0.577946169,0,0.646613289,0,0.581927988,0,0.651068197
775.5,0,0.578135906,0,0.646904003,0,0.581926918,0,0.651145947
776,0,0.578244338,0,0.647100635,0,0.581871108,0,0.651159274
776.5,0,0.578264693,0,0.647195536,0,0.581755226,0,0.651102151
777,0,0.578183342,0,0.647173381,0,0.581569444,0,0.650963519
777.5,0,0.578033136,0,0.647070873,0,0.58133544,0,0.650767589
778,0,0.577818924,0,0.646893381,0,0.581056562,0,0.650518057
778.5,0,0.577544214,0,0.646644779,0,0.580734944,0,0.650217265
779,0,0.577192198,0,0.646306196,0,0.580358976,0,0.649852169
779.5,0,0.576791201,0,0.64607276,0,0.57994879,0,0.649609625
780,0,0.576343097,0,0.646045251,0,0.579506209,0,0.649590906
780.5,0,0.575849462,0,0.645944789,0,0.579032796,0,0.649515614
781,0,0.575292057,0,0.645750781,0,0.578517954,0,0.649371769
781.5,0,0.574687422,0,0.645481655,0,0.577973875,0,0.649172957
782,0,0.57403638,0,0.645138233,0,0.577401779,0,0.64892048
782.5,0,0.573338688,0,0.64472015,0,0.576802506,0,0.648615219
783,0,0.572569434,0,0.6441993,0,0.576163114,0,0.648242559
783.5,0,0.571743332,0,0.643592133,0,0.575493524,0,0.647813597
784,0,0.570860474,0,0.642898678,0,0.574793766,0,0.647328321
784.5,0,0.569920399,0,0.642118357,0,0.574064794,0,0.646787767
785,0,0.568888204,0,0.641211781,0,0.573288909,0,0.646171954
785.5,0,0.567785151,0,0.640202847,0,0.572478253,0,0.645494527
786,0,0.566611309,0,0.639091598,0,0.571631972,0,0.644754499
786.5,0,0.565367174,0,0.637878581,0,0.570751547,0,0.643953529
787,0,0.564007517,0,0.636512749,0,0.569813116,0,0.64306468
787.5,0,0.562570205,0,0.635036832,0,0.568835623,0,0.642109321
788,0,0.561056903,0,0.633452743,0,0.567818366,0,0.641086669
788.5,0,0.559468534,0,0.631761576,0,0.566762616,0,0.63999818
789,0,0.557778989,0,0.629933918,0,0.565649533,0,0.638822604
789.5,0,0.55604092,0,0.628029317,0,0.564506254,0,0.637590624
790,0,0.554260674,0,0.626055062,0,0.56333224,0,0.636301685
790.5,0,0.552355018,0,0.623917263,0,0.562034351,0,0.634850634
791,0,0.550446036,0,0.621753962,0,0.560712396,0,0.633350284
791.5,0,0.548564807,0,0.619600417,0,0.559388001,0,0.631825145
792,0,0.546716946,0,0.617463117,0,0.558060489,0,0.630274535
792.5,0,0.544938701,0,0.615383132,0,0.556743931,0,0.628714429
793,0,0.543245377,0,0.613377859,0,0.555444424,0,0.627151793
793.5,0,0.541632603,0,0.61144245,0,0.554171145,0,0.625597057
794,0,0.540096849,0,0.609572991,0,0.552920792,0,0.624046561
794.5,0,0.538685085,0,0.607822537,0,0.551720172,0,0.622530611
795,0,0.537362437,0,0.60615174,0,0.550559591,0,0.621038299
795.5,0,0.536125774,0,0.604557068,0,0.549445716,0,0.619577172
796,0,0.534971751,0,0.603034734,0,0.548376291,0,0.618144696
796.5,0,0.533936405,0,0.601625312,0,0.547384074,0,0.616777787
797,0,0.532969733,0,0.600272376,0,0.546439497,0,0.615443082
797.5,0,0.532078032,0,0.598982962,0,0.545551392,0,0.614150499
798,0,0.531277429,0,0.597764886,0,0.54473489,0,0.612906499
798.5,0,0.530561169,0,0.596407606,0,0.543988142,0,0.611500962
799,0,0.529898407,0,0.594988935,0,0.543284697,0,0.610019541
799.5,0,0.529296728,0,0.59365715,0,0.542632921,0,0.608614972
800,0,0.528773274,0,0.592431205,0,0.542042982,0,0.607298426
800.5,0,0.528307476,0,0.59128778,0,0.541497077,0,0.606049732
801,0,0.527892889,0,0.590219452,0,0.540986853,0,0.604859378
801.5,0,0.527555523,0,0.589255093,0,0.540530439,0,0.603747473
802,0,0.527304534,0,0.588404659,0,0.540123369,0,0.602708845
802.5,0,0.527133307,0,0.587660506,0,0.539763955,0,0.601741447
803,0,0.527032674,0,0.587012189,0,0.539440236,0,0.600831807
803.5,0,0.527066039,0,0.586530072,0,0.539184758,0,0.600016035
804,0,0.527184919,0,0.586159888,0,0.538966721,0,0.599259693
804.5,0,0.527390296,0,0.585902529,0,0.538791692,0,0.598568872
805,0,0.52769008,0,0.585766588,0,0.538656284,0,0.597939711
805.5,0,0.528080152,0,0.585747309,0,0.538562953,0,0.597374847
806,0,0.528511985,0,0.585790743,0,0.538485748,0,0.596845437
806.5,0,0.528987559,0,0.585899057,0,0.538430609,0,0.596358044
807,0,0.529478625,0,0.586040958,0,0.538379235,0,0.595892389
807.5,0,0.529961354,0,0.586190136,0,0.538327378,0,0.595443794
808,0,0.530421154,0,0.586330561,0,0.538263865,0,0.594999938
808.5,0,0.530833794,0,0.586435589,0,0.538182238,0,0.59455374
809,0,0.531175353,0,0.586478978,0,0.538067516,0,0.594088722
809.5,0,0.531463371,0,0.586480283,0,0.537931682,0,0.593618191
810,0,0.531674909,0,0.586414364,0,0.537760108,0,0.593126075
810.5,0,0.531791095,0,0.5862606,0,0.537546088,0,0.592605056
811,0,0.531852352,0,0.58606373,0,0.537303486,0,0.592070494
811.5,0,0.531867935,0,0.585834072,0,0.537039425,0,0.591530289
812,0,0.531814489,0,0.58554601,0,0.536734946,0,0.590963602
812.5,0,0.531714998,0,0.585224962,0,0.536408082,0,0.590390342
813,0,0.531565164,0,0.584866276,0,0.536054898,0,0.589806205
813.5,0,0.531337349,0,0.584439627,0,0.535665915,0,0.589200794
814,0,0.53104224,0,0.583956857,0,0.535245601,0,0.588579054
814.5,0,0.530705695,0,0.583446461,0,0.534808901,0,0.587957438
815,0,0.530318764,0,0.582898632,0,0.534350557,0,0.587330168
815.5,0,0.529898484,0,0.582332127,0,0.533883684,0,0.586711664
816,0,0.529466817,0,0.581771088,0,0.533416987,0,0.586111483
816.5,0,0.52903092,0,0.581223376,0,0.532956628,0,0.585536382
817,0,0.528616622,0,0.580717359,0,0.532523035,0,0.58500879
817.5,0,0.528231003,0,0.5802608,0,0.53211551,0,0.584527924
818,0,0.527877212,0,0.579857151,0,0.531736282,0,0.584096222
818.5,0,0.527604429,0,0.579560429,0,0.531424275,0,0.583756436
819,0,0.527406567,0,0.579343706,0,0.531176639,0,0.583485041
819.5,0,0.527268742,0,0.579202637,0,0.530979619,0,0.583279022
820,0,0.527209833,0,0.579166252,0,0.530847977,0,0.583162934
820.5,0,0.527288197,0,0.579298788,0,0.530850157,0,0.583212092
821,0,0.527393215,0,0.579478868,0,0.530878574,0,0.583308442
821.5,0,0.527518948,0,0.579700105,0,0.530934159,0,0.583453142
822,0,0.527629496,0,0.579923184,0,0.530992085,0,0.583619041
822.5,0,0.527718696,0,0.580141456,0,0.531044867,0,0.583798044
823,0,0.527762877,0,0.58015095,0,0.531079942,0,0.583797281
823.5,0,0.527737658,0,0.579836158,0,0.531080697,0,0.583509223
824,0,0.527663338,0,0.579461863,0,0.531055015,0,0.583186487
824.5,0,0.527523765,0,0.579010498,0,0.530992962,0,0.582818291
825,0,0.52731532,0,0.578478286,0,0.530886933,0,0.582396436
825.5,0,0.527075988,0,0.577907078,0,0.530757083,0,0.581943177
826,0,0.526805283,0,0.577296481,0,0.530599956,0,0.581454851
826.5,0,0.526533382,0,0.576679686,0,0.530420634,0,0.580937156
827,0,0.52627902,0,0.576077291,0,0.530234696,0,0.580407266
827.5,0,0.526052554,0,0.575500676,0,0.530043677,0,0.579866958
828,0,0.525899453,0,0.574999587,0,0.529858356,0,0.57932811
828.5,0,0.525790769,0,0.574542335,0,0.529677603,0,0.578789557
829,0,0.525734829,0,0.574138005,0,0.529503109,0,0.578253221
829.5,0,0.525746749,0,0.573803072,0,0.529335748,0,0.577720126
830,0,0.525780763,0,0.573487559,0,0.529167462,0,0.57718155
830.5,0,0.525836961,0,0.573191593,0,0.528997215,0,0.576636446
831,0,0.525894069,0,0.57289203,0,0.528814405,0,0.57607335
831.5,0,0.525935979,0,0.572571408,0,0.528619185,0,0.575492536
832,0,0.525957851,0,0.572224564,0,0.528409288,0,0.574891646
832.5,0,0.525929256,0,0.571818536,0,0.528173425,0,0.574258517
833,0,0.525863758,0,0.571368243,0,0.527918573,0,0.573600867
833.5,0,0.525752754,0,0.570864503,0,0.52764079,0,0.57291454
834,0,0.525564261,0,0.57027279,0,0.52732612,0,0.572184525
834.5,0,0.525329955,0,0.569627699,0,0.526989417,0,0.571427093
835,0,0.525037597,0,0.568916153,0,0.526625074,0,0.570636299
835.5,0,0.524657998,0,0.568106759,0,0.526219911,0,0.56979802
836,0,0.524226056,0,0.567237559,0,0.525789633,0,0.568929424
836.5,0,0.523723523,0,0.566289024,0,0.525325982,0,0.568021723
837,0,0.523120362,0,0.565228951,0,0.524815016,0,0.567060016
837.5,0,0.522453301,0,0.564097314,0,0.524273582,0,0.566062687
838,0,0.521690028,0,0.56285949,0,0.523686816,0,0.565013856
838.5,0,0.520797904,0,0.56148061,0,0.523040333,0,0.563898208
839,0,0.519818628,0,0.560005992,0,0.522353002,0,0.5627363
839.5,0,0.518690365,0,0.558369376,0,0.521597304,0,0.561498692
840,0,0.517390545,0,0.55654694,0,0.520763452,0,0.56017511
840.5,0,0.515977932,0,0.55460236,0,0.519876995,0,0.558793294
841,0,0.514362068,0,0.552438859,0,0.518896076,0,0.557308508
841.5,0,0.512632825,0,0.550153493,0,0.517853945,0,0.555756758
842,0,0.51084226,0,0.54780291,0,0.51677345,0,0.554163236
842.5,0,0.508996705,0,0.545451453,0,0.51560617,0,0.552534293
843,0,0.507208774,0,0.543160848,0,0.514439481,0,0.550904083
843.5,0,0.505466477,0,0.540918036,0,0.513273453,0,0.549272565
844,0,0.503744688,0,0.538695947,0,0.512092267,0,0.547622706
844.5,0,0.501999061,0,0.536447048,0,0.510900117,0,0.545958909
845,0,0.500226107,0,0.534167571,0,0.509695371,0,0.544279346
845.5,0,0.498450824,0,0.531884161,0,0.508507216,0,0.542615082
846,0,0.496725954,0,0.529652971,0,0.507353521,0,0.54098502
846.5,0,0.495084251,0,0.527508689,0,0.50625433,0,0.539410327
847,0,0.493670942,0,0.525605644,0,0.505286019,0,0.53797208
847.5,0,0.492408216,0,0.523860411,0,0.504400106,0,0.536618274
848,0,0.491435453,0,0.522420687,0,0.503669433,0,0.535426025
848.5,0,0.490739631,0,0.521271817,0,0.503080132,0,0.534380103
849,0,0.490212086,0,0.520297661,0,0.502575586,0,0.533419941
849.5,0,0.48998991,0,0.51964306,0,0.502220364,0,0.532613676
850,0,0.4898935,0,0.519284875,0,0.501922894,0,0.532035978
850.5,0,0.489901722,0,0.519129876,0,0.501673689,0,0.531604173
851,0,0.490009234,0,0.519078658,0,0.501464021,0,0.531212991
851.5,0,0.490113895,0,0.519022832,0,0.501248852,0,0.530814574
852,0,0.490210273,0,0.518956524,0,0.501023702,0,0.53040406
852.5,0,0.490224055,0,0.518800974,0,0.500750873,0,0.529941438
853,0,0.490180622,0,0.518582994,0,0.500446297,0,0.529443489
853.5,0,0.490015616,0,0.518234455,0,0.500076164,0,0.528874367
854,0,0.489719386,0,0.517745161,0,0.499636434,0,0.528229744
854.5,0,0.489339755,0,0.517165675,0,0.499152956,0,0.527536895
855,0,0.48875356,0,0.516365845,0,0.498560786,0,0.526727134
855.5,0,0.488055306,0,0.515445593,0,0.497910242,0,0.5258536
856,0,0.487236256,0,0.514395704,0,0.497196462,0,0.52491111
856.5,0,0.48620923,0,0.513124197,0,0.496374262,0,0.523851933
857,0,0.485093868,0,0.511757423,0,0.495506554,0,0.52274245
857.5,0,0.483826993,0,0.510228751,0,0.494561121,0,0.521548625
858,0,0.482444174,0,0.508575757,0,0.493558884,0,0.520292495
858.5,0,0.481006876,0,0.506863252,0,0.492531386,0,0.519007258
859,0,0.479505754,0,0.505081362,0,0.491481786,0,0.517696164
859.5,0,0.478051783,0,0.503346918,0,0.490468352,0,0.516420486
860,0,0.476645928,0,0.501660786,0,0.489491835,0,0.515180859
860.5,0,0.475544336,0,0.500258491,0,0.488720034,0,0.514118933
861,0,0.474632444,0,0.499047117,0,0.488064246,0,0.513169839
861.5,0,0.474116082,0,0.498248757,0,0.487643775,0,0.512465014
862,0,0.474058744,0,0.498022433,0,0.487479932,0,0.512122063
862.5,0,0.474270384,0,0.498120119,0,0.487465875,0,0.511979174
863,0,0.475164287,0,0.498913682,0,0.487809491,0,0.512190911
863.5,0,0.476296151,0,0.499936041,0,0.488267785,0,0.512501861
864,0,0.477754432,0,0.501279628,0,0.488882369,0,0.512955518
864.5,0,0.479456524,0,0.502857248,0,0.489595776,0,0.513491364
865,0,0.481230115,0,0.504487738,0,0.490332491,0,0.514030028
865.5,0,0.483036513,0,0.506130241,0,0.491059354,0,0.51453665
866,0,0.484758869,0,0.507662119,0,0.49173016,0,0.514962782
866.5,0,0.486411622,0,0.509098421,0,0.492354573,0,0.515318558
867,0,0.487823187,0,0.510259598,0,0.492845365,0,0.51551276
867.5,0,0.489132441,0,0.511291121,0,0.49328139,0,0.515628027
868,0,0.490229504,0,0.512078274,0,0.493606584,0,0.515605865
868.5,0,0.49114911,0,0.512657651,0,0.493841863,0,0.515468326
869,0,0.491968847,0,0.513110486,0,0.494026342,0,0.515256399
869.5,0,0.4925451,0,0.513287269,0,0.494089764,0,0.514896983
870,0,0.493048981,0,0.513366737,0,0.494117279,0,0.514479058
870.5,0,0.493421335,0,0.513287495,0,0.49407995,0,0.513972627
871,0,0.493674982,0,0.513063209,0,0.493984067,0,0.513384432
871.5,0,0.49387183,0,0.512758486,0,0.493860259,0,0.512746473
872,0,0.493939346,0,0.512298263,0,0.493672489,0,0.512021488
872.5,0,0.493961387,0,0.51176984,0,0.493462173,0,0.511252629
873,0,0.493915949,0,0.511150608,0,0.493218189,0,0.5104285
873.5,0,0.493800257,0,0.51043795,0,0.49293888,0,0.50954755
874,0,0.493653356,0,0.509672458,0,0.492643703,0,0.508630041
874.5,0,0.493433168,0,0.508810889,0,0.492311024,0,0.507653774
875,0,0.493182441,0,0.507897589,0,0.491962224,0,0.506640964
875.5,0,0.492890888,0,0.506922141,0,0.491592065,0,0.505586344
876,0,0.492550004,0,0.505876025,0,0.491195329,0,0.504484699
876.5,0,0.492184095,0,0.504784431,0,0.490783336,0,0.503347811
877,0,0.491762049,0,0.50361566,0,0.49034032,0,0.502159662
877.5,0,0.491314317,0,0.502401165,0,0.489882647,0,0.500937188
878,0,0.490830698,0,0.501130713,0,0.489404469,0,0.499674556
878.5,0,0.490287863,0,0.499793744,0,0.488886517,0,0.498365229
879,0,0.489718614,0,0.498416708,0,0.488350576,0,0.497024371
879.5,0,0.489087722,0,0,0,0.487778098,0,0
880,0,0.488429884,0,0,0,0.487189209,0,0
880.5,0,0.487643058,0,0,0,0.486488733,0,0
881,0,0.48680529,0,0,0,0.485757332,0,0
881.5,0,0.48594482,0,0,0,0.48501198,0,0
882,0,0.485011292,0,0,0,0.484222315,0,0
882.5,0,0.484057469,0,0,0,0.483420344,0,0
883,0,0.483058868,0,0,0,0.482591491,0,0
883.5,0,0.482033444,0,0,0,0.48174753,0,0
884,0,0.480991976,0,0,0,0.480894415,0,0
884.5,0,0.479948607,0,0,0,0.480044648,0,0
885,0,0.478918459,0,0,0,0.479205019,0,0
885.5,0,0.477933593,0,0,0,0.478399788,0,0
886,0,0.477012625,0,0,0,0.477640186,0,0
886.5,0,0.476151389,0,0,0,0.476923191,0,0
887,0,0.475426051,0,0,0,0.47630229,0,0
887.5,0,0.474749243,0,0,0,0.475715523,0,0
888,0,0.474227268,0,0,0,0.475238742,0,0
888.5,0,0.473753875,0,0,0,0.474797042,0,0
889,0,0.473360185,0,0,0,0.474413157,0,0
889.5,0,0.473008079,0,0,0,0.474061802,0,0
890,0,0.472676763,0,0,0,0.473726663,0,0
890.5,0,0.472346385,0,0,0,0.473398215,0,0
891,0,0.472006858,0,0,0,0.473064903,0,0
891.5,0,0.471638969,0,0,0,0.472717305,0,0
892,0,0.471243056,0,0,0,0.472351702,0,0
892.5,0,0.470817506,0,0,0,0.471966929,0,0
893,0,0.470351171,0,0,0,0.471553026,0,0
893.5,0,0.469869948,0,0,0,0.471128058,0,0
894,0,0.469350083,0,0,0,0.470669999,0,0
894.5,0,0.468823324,0,0,0,0.470203474,0,0
895,0,0.468281232,0,0,0,0.469717782,0,0
895.5,0,0.467735316,0,0,0,0.469220428,0,0
896,0,0.467186672,0,0,0,0.468713734,0,0
896.5,0,0.466640386,0,0,0,0.46819421,0,0
897,0,0.46609495,0,0,0,0.467670762,0,0
897.5,0,0.46555184,0,0,0,0.467132276,0,0
898,0,0.465006687,0,0,0,0.466587995,0,0
898.5,0,0.464456882,0,0,0,0.466030213,0,0
899,0,0.463895781,0,0,0,0.465459197,0,0
899.5,0,0.463324274,0,0,0,0.464876153,0,0
900,0,0.462721438,0,0,0,0.46426737,0,0
900.5,0,0.462106021,0,0,0,0.463647955,0,0
901,0,0.461429685,0,0,0,0.462985657,0,0
901.5,0,0.460730019,0,0,0,0.462307716,0,0
902,0,0.459965081,0,0,0,0.461586823,0,0
902.5,0,0.459141706,0,0,0,0.460828094,0,0
903,0,0.458258091,0,0,0,0.460030703,0,0
903.5,0,0.457262817,0,0,0,0.459161673,0,0
904,0,0.456224208,0,0,0,0.458264884,0,0
904.5,0,0.454998289,0,0,0,0.457247636,0,0
905,0,0.453723496,0,0,0,0.45619873,0,0
905.5,0,0.452246153,0,0,0,0.455018703,0,0
906,0,0.450676037,0,0,0,0.453778404,0,0
906.5,0,0.4489472,0,0,0,0.452433713,0,0
907,0,0.44712334,0,0,0,0.451028242,0,0
907.5,0,0.445234991,0,0,0,0.449580805,0,0
908,0,0.443435312,0,0,0,0.448197243,0,0
908.5,0,0.441664336,0,0,0,0.446833053,0,0
909,0,0.440434386,0,0,0,0.44583919,0,0
909.5,0,0.439387824,0,0,0,0.444969567,0,0
910,0,0.439029298,0,0,0,0.444568677,0,0
910.5,0,0.439067531,0,0,0,0.44446333,0,0
911,0,0.439568889,0,0,0,0.444672997,0,0
911.5,0,0.440278064,0,0,0,0.445024113,0,0
912,0,0.441124163,0,0,0,0.44546817,0,0
912.5,0,0.441911183,0,0,0,0.445873286,0,0
913,0,0.44268313,0,0,0,0.446267937,0,0
913.5,0,0.443197345,0,0,0,0.446489359,0,0
914,0,0.44366064,0,0,0,0.446675888,0,0
914.5,0,0.443897042,0,0,0,0.446708741,0,0
915,0,0.444056212,0,0,0,0.446688507,0,0
915.5,0,0.444073054,0,0,0,0.446570487,0,0
916,0,0.444007056,0,0,0,0.446394388,0,0
916.5,0,0.443866307,0,0,0,0.446165537,0,0
917,0,0.44365125,0,0,0,0.445882698,0,0
917.5,0,0.443403322,0,0,0,0.445575586,0,0
918,0,0.443094502,0,0,0,0.445221834,0,0
918.5,0,0.442773397,0,0,0,0.444858261,0,0
919,0,0.442408184,0,0,0,0.444458724,0,0
919.5,0,0.44203503,0,0,0,0.444052222,0,0
920,0,0.441636344,0,0,0,0.443623762,0,0
920.5,0,0.441227336,0,0,0,0.443186206,0,0
921,0,0.440802599,0,0,0,0.442735011,0,0
921.5,0,0.440367846,0,0,0,0.442275885,0,0
922,0,0.439922424,0,0,0,0.44180801,0,0
922.5,0,0.439461078,0,0,0,0.441328131,0,0
923,0,0.438992226,0,0,0,0.440842681,0,0
923.5,0,0.438502475,0,0,0,0.440343163,0,0
924,0,0.43800798,0,0,0,0.43984042,0,0
924.5,0,0.437485917,0,0,0,0.439320809,0,0
925,0,0.436959156,0,0,0,0.43879837,0,0
925.5,0,0.436403058,0,0,0,0.438259023,0,0
926,0,0.43583759,0,0,0,0.437714359,0,0
926.5,0,0.435243663,0,0,0,0.43715386,0,0
927,0,0.434633224,0,0,0,0.436584177,0,0
927.5,0,0.433995838,0,0,0,0.435999665,0,0
928,0,0.433332914,0,0,0,0.435400953,0,0
928.5,0,0.432645344,0,0,0,0.434788573,0,0
929,0,0.431920446,0,0,0,0.434155072,0,0
929.5,0,0.431174502,0,0,0,0.43350977,0,0
930,0,0.430375716,0,0,0,0.432833768,0,0
930.5,0,0.429560824,0,0,0,0.432148537,0,0
931,0,0.428672632,0,0,0,0.431419401,0,0
931.5,0,0.427775535,0,0,0,0.430685108,0,0
932,0,0.426779177,0,0,0,0.429889568,0,0
932.5,0,0.425772344,0,0,0,0.429087532,0,0
933,0,0.424660149,0,0,0,0.428218607,0,0
933.5,0,0.423525254,0,0,0,0.427335106,0,0
934,0,0,0,0,0,0,0,0
934.5,0,0,0,0,0,0,0,0
935,0,0,0,0,0,0,0,0
935.5,0,0,0,0,0,0,0,0
936,0,0,0,0,0,0,0,0
936.5,0,0,0,0,0,0,0,0
937,0,0,0,0,0,0,0,0
937.5,0,0,0,0,0,0,0,0
938,0,0,0,0,0,0,0,0
938.5,0,0,0,0,0,0,0,0
939,0,0,0,0,0,0,0,0
939.5,0,0,0,0,0,0,0,0
940,0,0,0,0,0,0,0,0
940.5,0,0,0,0,0,0,0,0
941,0,0,0,0,0,0,0,0
941.5,0,0,0,0,0,0,0,0
942,0,0,0,0,0,0,0,0
942.5,0,0,0,0,0,0,0,0
943,0,0,0,0,0,0,0,0
943.5,0,0,0,0,0,0,0,0
944,0,0,0,0,0,0,0,0
944.5,0,0,0,0,0,0,0,0
945,0,0,0,0,0,0,0,0
945.5,0,0,0,0,0,0,0,0
946,0,0,0,0,0,0,0,0
946.5,0,0,0,0,0,0,0,0
947,0,0,0,0,0,0,0,0
947.5,0,0,0,0,0,0,0,0
948,0,0,0,0,0,0,0,0
948.5,0,0,0,0,0,0,0,0
949,0,0,0,0,0,0,0,0
949.5,0,0,0,0,0,0,0,0
950,0,0,0,0,0,0,0,0
950.5,0,0,0,0,0,0,0,0
951,0,0,0,0,0,0,0,0
951.5,0,0,0,0,0,0,0,0
952,0,0,0,0,0,0,0,0
952.5,0,0,0,0,0,0,0,0
953,0,0,0,0,0,0,0,0
953.5,0,0,0,0,0,0,0,0
954,0,0,0,0,0,0,0,0
954.5,0,0,0,0,0,0,0,0
955,0,0,0,0,0,0,0,0
955.5,0,0,0,0,0,0,0,0
956,0,0,0,0,0,0,0,0
956.5,0,0,0,0,0,0,0,0
957,0,0,0,0,0,0,0,0
957.5,0,0,0,0,0,0,0,0
958,0,0,0,0,0,0,0,0
958.5,0,0,0,0,0,0,0,0
959,0,0,0,0,0,0,0,0
959.5,0,0,0,0,0,0,0,0
960,0,0,0,0,0,0,0,0
960.5,0,0,0,0,0,0,0,0
961,0,0,0,0,0,0,0,0
961.5,0,0,0,0,0,0,0,0
962,0,0,0,0,0,0,0,0
962.5,0,0,0,0,0,0,0,0
963,0,0,0,0,0,0,0,0
963.5,0,0,0,0,0,0,0,0
964,0,0,0,0,0,0,0,0
964.5,0,0,0,0,0,0,0,0
965,0,0,0,0,0,0,0,0
965.5,0,0,0,0,0,0,0,0
966,0,0,0,0,0,0,0,0
966.5,0,0,0,0,0,0,0,0
967,0,0,0,0,0,0,0,0
967.5,0,0,0,0,0,0,0,0
968,0,0,0,0,0,0,0,0
968.5,0,0,0,0,0,0,0,0
969,0,0,0,0,0,0,0,0
969.5,0,0,0,0,0,0,0,0
970,0,0,0,0,0,0,0,0
970.5,0,0,0,0,0,0,0,0
971,0,0,0,0,0,0,0,0
971.5,0,0,0,0,0,0,0,0
972,0,0,0,0,0,0,0,0
972.5,0,0,0,0,0,0,0,0
973,0,0,0,0,0,0,0,0
973.5,0,0,0,0,0,0,0,0
974,0,0,0,0,0,0,0,0
974.5,0,0,0,0,0,0,0,0
975,0,0,0,0,0,0,0,0
975.5,0,0,0,0,0,0,0,0
976,0,0,0,0,0,0,0,0
976.5,0,0,0,0,0,0,0,0
977,0,0,0,0,0,0,0,0
977.5,0,0,0,0,0,0,0,0
978,0,0,0,0,0,0,0,0
978.5,0,0,0,0,0,0,0,0
979,0,0,0,0,0,0,0,0
979.5,0,0,0,0,0,0,0,0
980,0,0,0,0,0,0,0,0
980.5,0,0,0,0,0,0,0,0
981,0,0,0,0,0,0,0,0
981.5,0,0,0,0,0,0,0,0
982,0,0,0,0,0,0,0,0
982.5,0,0,0,0,0,0,0,0
983,0,0,0,0,0,0,0,0
983.5,0,0,0,0,0,0,0,0
984,0,0,0,0,0,0,0,0
984.5,0,0,0,0,0,0,0,0
985,0,0,0,0,0,0,0,0
985.5,0,0,0,0,0,0,0,0
986,0,0,0,0,0,0,0,0
986.5,0,0,0,0,0,0,0,0
987,0,0,0,0,0,0,0,0
987.5,0,0,0,0,0,0,0,0
988,0,0,0,0,0,0,0,0
988.5,0,0,0,0,0,0,0,0
989,0,0,0,0,0,0,0,0
989.5,0,0,0,0,0,0,0,0
990,0,0,0,0,0,0,0,0
990.5,0,0,0,0,0,0,0,0
991,0,0,0,0,0,0,0,0
991.5,0,0,0,0,0,0,0,0
992,0,0,0,0,0,0,0,0
992.5,0,0,0,0,0,0,0,0
993,0,0,0,0,0,0,0,0
993.5,0,0,0,0,0,0,0,0
994,0,0,0,0,0,0,0,0
994.5,0,0,0,0,0,0,0,0
995,0,0,0,0,0,0,0,0
995.5,0,0,0,0,0,0,0,0
996,0,0,0,0,0,0,0,0
996.5,0,0,0,0,0,0,0,0
997,0,0,0,0,0,0,0,0
997.5,0,0,0,0,0,0,0,0
998,0,0,0,0,0,0,0,0
998.5,0,0,0,0,0,0,0,0
999,0,0,0,0,0,0,0,0
999.5,0,0,0,0,0,0,0,0
1000,0,0,0,0,0,0,0,0