350,28.31808601
350.25,68.3216619
350.5,46.84211641
350.75,23.4060923
351,18.61509889
351.25,23.32476784
351.5,44.77607529
351.75,73.70578451
352,39.9823692
352.25,22.5575034
352.5,19.09747348
352.75,23.8499771
353,41.57091382
353.25,61.39312563
353.5,39.08050446
353.75,23.58087662
354,19.73941231
354.25,23.1985317
354.5,37.0011673
354.75,61.87137331
355,56.00681899
355.25,36.75024065
355.5,30.16584467
355.75,33.59665547
356,45.45426275
356.25,48.62383446
356.5,32.07386373
356.75,20.54861426
357,16.49569186
357.25,17.35064143
357.5,24.3013847
357.75,44.71895592
358,75.43442725
358.25,57.70560914
358.5,36.10705683
358.75,29.80768055
359,34.27533508
359.25,53.62967594
359.5,79.36199814
359.75,50.32179427
360,24.73505834
360.25,15.47137883
360.5,12.51711726
360.75,12.79622939
361,16.46927902
361.25,27.0341692
361.5,53.89321764
361.75,77.97285825
362,50.30429745
362.25,29.68920829
362.5,21.49325534
362.75,18.91129608
363,19.49015884
363.25,22.78091373
363.5,29.23774796
363.75,39.56857952
364,53.59434033
364.25,68.81216281
364.5,81.51504882
364.75,89.55018417
365,93.35816437
365.25,94.47251264
365.5,94.36934917
365.75,94.08941579
366,94.10165527
366.25,94.35287446
366.5,94.55261294
366.75,94.51710766
367,94.33013571
367.25,94.21499262
367.5,94.29516014
367.75,94.48875917
368,94.60960873
368.25,94.55653232
368.5,94.40423806
368.75,94.31464642
369,94.38008735
369.25,94.54324263
369.5,94.65761013
369.75,94.62566959
370,94.48680219
370.25,94.37642606
370.5,94.4001197
370.75,94.54565554
371,94.6963231
371.25,94.73217908
371.5,94.63203873
371.75,94.48841366
372,94.42610387
372.25,94.49790756
372.5,94.64778156
372.75,94.75944024
373,94.75131728
373.25,94.64099619
373.5,94.52692409
373.75,94.50646582
374,94.59967939
374.25,94.73570267
374.5,94.81362242
374.75,94.77954515
375,94.66803808
375.25,94.57245546
375.5,94.57131241
375.75,94.66942036
376,94.79622647
376.25,94.8599379
376.5,94.81939583
376.75,94.71123231
377,94.62143734
377.25,94.6204127
377.5,94.71201145
377.75,94.83203763
378,94.89580912
378.25,94.86033772
378.5,94.75598573
378.75,94.66154841
379,94.6479998
379.25,94.72869219
379.5,94.85067243
379.75,94.93193828
380,94.91902591
380.25,94.82460852
380.5,94.71753278
380.75,94.67409495
381,94.72718097
381.25,94.84500655
381.5,94.95280104
381.75,94.98292556
382,94.92012735
382.25,94.81092173
382.5,94.7307488
382.75,94.73400005
383,94.81994882
383.25,94.93439097
383.5,95.00541038
383.75,94.99036453
384,94.90331492
384.25,94.80460406
384.5,94.76056695
384.75,94.80153833
385,94.90369092
385.25,95.00455499
385.5,95.0425574
385.75,94.99595305
386,94.89615997
386.25,94.80696377
386.5,94.7842898
386.75,94.84272145
387,94.94769203
387.25,95.03701916
387.5,95.058953
387.75,95.00364204
388,94.90840564
388.25,94.83375323
388.5,94.82629987
388.75,94.89197243
389,94.99325469
389.25,95.07170691
389.5,95.08271383
389.75,95.02191097
390,94.92728022
390.25,94.85574471
390.5,94.8501155
390.75,94.91484305
391,95.01435722
391.25,95.09379757
391.5,95.11063667
391.75,95.05903111
392,94.9725539
392.25,94.90383524
392.5,94.89400741
392.75,94.95005684
393,95.04124773
393.25,95.11632818
393.5,95.13225324
393.75,95.07852114
394,94.98319986
394.25,94.89748895
394.5,94.86686588
394.75,94.90800009
395,95.00013029
395.25,95.09630779
395.5,95.14835343
395.75,95.13240291
396,95.06114942
396.25,94.97633272
396.5,94.92498287
396.75,94.93529253
397,95.00230286
397.25,95.09109425
397.5,95.15543377
397.75,95.16228393
398,95.10926819
398.25,95.02591255
398.5,94.95704189
398.75,94.93999798
399,94.98572987
399.25,95.07348203
399.5,95.16132908
399.75,95.20731838
400,95.19066644
400.25,95.12233608
400.5,95.03826378
400.75,94.98113133
401,94.97947415
401.25,95.03411959
401.5,95.11828402
401.75,95.19100086
402,95.21740544
402.25,95.18603626
402.5,95.11411475
402.75,95.03833449
403,94.99682476
403.25,95.0107454
403.5,95.07438526
403.75,95.15809186
404,95.22252839
404.25,95.23761909
404.5,95.19731409
404.75,95.12169621
405,95.04744149
405.25,95.01034783
405.5,95.02866729
405.75,95.09479922
406,95.17884709
406.25,95.2422212
406.5,95.25622212
406.75,95.21441324
407,95.13578836
407.25,95.05589392
407.5,95.01060994
407.75,95.02020655
408,95.0806518
408.25,95.16541451
408.5,95.23817227
408.75,95.26828177
409,95.24443669
409.25,95.17938122
409.5,95.10374097
409.75,95.05207281
410,95.04763864
410.25,95.09230933
410.5,95.16655184
410.75,95.23807424
411,95.27589929
411.25,95.26392426
411.5,95.2078796
411.75,95.13260094
412,95.07102406
412.25,95.04995627
412.5,95.07861234
412.75,95.14554906
413,95.22341063
413.25,95.28048296
413.5,95.29407511
413.75,95.26004036
414,95.19430401
414.25,95.12596068
414.5,95.08434833
414.75,95.08746652
415,95.13467086
415.25,95.20712443
415.5,95.27559977
415.75,95.31251205
416,95.30329272
416.25,95.25248473
416.5,95.18134551
416.75,95.11907907
417,95.09101814
417.25,95.10859653
417.5,95.16499295
417.75,95.23798122
418,95.29883206
418.25,95.32376441
418.5,95.3038011
418.75,95.2477358
419,95.17866093
419.25,95.12465505
419.5,95.10770665
419.75,95.13521535
420,95.19719699
420.25,95.2699297
420.5,95.32580551
420.75,95.34336372
421,95.31577264
421.25,95.25349275
421.5,95.18021959
421.75,95.1238185
422,95.10586697
422.25,95.13357119
422.5,95.19748484
422.75,95.27507784
423,95.33891954
423.25,95.3667703
423.5,95.34975859
423.75,95.29552146
424,95.22513667
424.25,95.16522259
424.5,95.13779815
424.75,95.15287398
425,95.20496928
425.25,95.27527943
425.5,95.33856482
425.75,95.37233741
426,95.36503717
426.25,95.3202624
426.5,95.25507411
426.75,95.19367835
427,95.15873804
427.25,95.16338674
427.5,95.20672941
427.75,95.27425967
428,95.34298929
428.25,95.38947013
428.5,95.39845959
428.75,95.36773911
429,95.30896575
429.25,95.24343578
429.5,95.19455783
429.75,95.17976776
430,95.20464448
430.25,95.26089853
430.5,95.32978971
430.75,95.38815698
431,95.41633455
431.25,95.4048693
431.5,95.3577282
431.75,95.29087473
432,95.22678164
432.25,95.18690358
432.5,95.18437766
432.75,95.22020866
433,95.28292571
433.25,95.35238127
433.5,95.406358
433.75,95.42786312
434,95.41069035
434.25,95.36146617
434.5,95.29701823
434.75,95.2388184
435,95.20598628
435.25,95.20919837
435.5,95.24740279
435.75,95.30827787
436,95.3722463
436.25,95.41874238
436.5,95.43312014
436.75,95.41108095
437,95.36012879
437.25,95.29708007
437.5,95.24261706
437.75,95.21471756
438,95.22304971
438.25,95.26585137
438.5,95.33083103
438.75,95.39881141
439,95.44958721
439.25,95.46816775
439.5,95.44942456
439.75,95.39964801
440,95.33452619
440.25,95.27434614
440.5,95.23741069
440.75,95.2350089
441,95.26803615
441.25,95.32682413
441.5,95.39407251
441.75,95.4500358
442,95.47845667
442.25,95.47150417
442.5,95.4320879
442.75,95.37272064
443,95.31177361
443.25,95.2679682
443.5,95.25488399
443.75,95.27706102
444,95.32874558
444.25,95.39541
444.5,95.45849259
444.75,95.50031125
445,95.50931091
445.25,95.48341434
445.5,95.43057327
445.75,95.36637599
446,95.30948207
446.25,95.2762916
446.5,95.2762155
446.75,95.30934003
447,95.3663972
447.25,95.43139657
447.5,95.4861296
447.75,95.515317
448,95.51094447
448.25,95.47462213
448.5,95.41686003
448.75,95.35409508
449,95.30409087
449.25,95.2810348
449.5,95.29170025
449.75,95.33365682
450,95.39595486
450.25,95.46179535
450.5,95.51401171
450.75,95.53885854
451,95.5300006
451.25,95.49021496
451.5,95.43057718
451.75,95.36739369
452,95.31778168
452.25,95.295128
452.5,95.3056165
452.75,95.34667556
453,95.40769731
453.25,95.47283167
453.5,95.52515414
453.75,95.55113802
454,95.54424024
454.25,95.50661659
454.5,95.4484977
454.75,95.38542681
455,95.33415399
455.25,95.30832968
455.5,95.3146743
455.75,95.35202357
456,95.41140532
456.25,95.4783143
456.5,95.53637291
456.75,95.5714791
457,95.57538604
457.25,95.54777273
457.5,95.49625711
457.75,95.43437116
458,95.37807233
458.25,95.34172766
458.5,95.33458578
458.75,95.35857184
459,95.40789079
459.25,95.4705029
459.5,95.53111522
459.75,95.5749768
460,95.5915478
460.25,95.57722055
460.5,95.53605847
460.75,95.47851923
461,95.41894766
461.25,95.37202931
461.5,95.34924152
461.75,95.35614403
462,95.39111188
462.25,95.44577016
462.5,95.50701648
462.75,95.56016816
463,95.59250201
463.25,95.59633458
463.5,95.57087652
463.75,95.52239415
464,95.46265126
464.25,95.40604829
464.5,95.36618626
464.75,95.35268293
465,95.36896219
465.25,95.41126488
465.5,95.47006656
465.75,95.53196477
466,95.58278499
466.25,95.61086562
466.5,95.60977808
466.75,95.57982551
467,95.52795531
467.25,95.46611993
467.5,95.40850535
467.75,95.36830178
468,95.35476029
468.25,95.3711713
468.5,95.41417492
468.75,95.47452834
469,95.53916155
469.25,95.59408581
469.5,95.62752184
469.75,95.63254066
470,95.60859974
470.25,95.5618017
470.5,95.50296312
470.75,95.44543971
471,95.40212613
471.25,95.38264687
471.5,95.39130736
471.75,95.42621177
472,95.47970862
472.25,95.54006377
472.5,95.59401715
472.75,95.62968747
473,95.63919315
473.25,95.6203985
473.5,95.5773827
473.75,95.51952958
474,95.45946253
474.25,95.41030836
474.5,95.38289924
474.75,95.38350003
475,95.4125095
475.25,95.46412207
475.5,95.52818471
475.75,95.59182842
476,95.64220338
476.25,95.66915907
476.5,95.66737428
476.75,95.63746851
477,95.5858485
477.25,95.52333437
477.5,95.46288465
477.75,95.41692417
478,95.3948345
478.25,95.40109996
478.5,95.43445059
478.75,95.48814743
479,95.55134823
479.25,95.61129401
479.5,95.65589464
479.75,95.67619421
480,95.66820123
480.25,95.6338235
480.5,95.58016198
480.75,95.51811922
481,95.46020871
481.25,95.4180554
481.5,95.40012049
481.75,95.41007896
482,95.446136
482.25,95.50139324
482.5,95.56519168
482.75,95.6251859
483,95.66976199
483.25,95.69032922
483.5,95.68302126
483.75,95.64945272
484,95.59637494
484.25,95.5343137
484.5,95.4754856
484.75,95.43142566
485,95.41079059
485.25,95.41765408
485.5,95.4508413
485.75,95.50431291
486,95.56819065
486.25,95.63060368
486.5,95.67992253
486.75,95.70696553
487,95.70675013
487.25,95.67943801
487.5,95.63028396
487.75,95.56860645
488,95.50600029
488.25,95.45413806
488.5,95.42267249
488.75,95.41742922
489,95.43940857
489.25,95.48463305
489.5,95.54488424
489.75,95.60920145
490,95.66588541
490.25,95.70455511
490.5,95.71851716
490.75,95.70541114
491,95.66784149
491.25,95.61286642
491.5,95.55066719
491.75,95.49266739
492,95.44946407
492.25,95.42894657
492.5,95.43492286
492.75,95.46647265
493,95.51812269
493.25,95.58081073
493.5,95.64347987
493.75,95.6950376
494,95.72633941
494.25,95.73183666
494.5,95.7105784
494.75,95.66637518
495,95.60709769
495.25,95.54342786
495.5,95.48639017
495.75,95.44597663
496,95.42929106
496.25,95.4393565
496.5,95.47461638
496.75,95.52920024
497,95.5939094
497.25,95.65776907
497.5,95.70989815
497.75,95.74138356
498,95.7468299
498.25,95.7253014
498.5,95.68048126
498.75,95.62002172
499,95.55421284
499.25,95.49422016
499.5,95.4502059
499.75,95.42964966
500,95.43613287
500.25,95.46858606
500.5,95.52185686
500.75,95.58735526
501,95.65445101
501.25,95.71221116
501.5,95.75120732
501.75,95.76508972
502,95.75165274
502.25,95.71320078
502.5,95.65615017
502.75,95.58994479
503,95.52548538
503.25,95.4733485
503.5,95.44209046
503.75,95.43689912
504,95.45878911
504.25,95.50444992
504.5,95.5667638
504.75,95.63591867
505,95.70095513
505.25,95.75139657
505.5,95.77941703
505.75,95.78054107
506,95.75457109
506.25,95.70561631
506.5,95.64142023
506.75,95.57210985
507,95.50858572
507.25,95.46082033
507.5,95.43632997
507.75,95.43904252
508,95.46871458
508.25,95.52097223
508.5,95.58796631
508.75,95.65955274
509,95.72483301
509.25,95.77382986
509.5,95.79903944
509.75,95.79660816
510,95.76693629
510.25,95.71474239
510.5,95.64796793
510.75,95.57676155
511,95.51188832
511.25,95.46311033
511.5,95.43774755
511.75,95.4396195
512,95.46850494
512.25,95.52018461
512.5,95.58705809
512.75,95.65925301
513,95.72607778
513.25,95.77761328
513.5,95.80620694
513.75,95.80763498
514,95.7817438
514.25,95.73246479
514.5,95.66720314
514.75,95.59570712
515,95.52860555
515.25,95.47597034
515.5,95.44534333
515.75,95.44130012
516,95.46459847
516.25,95.51207783
516.5,95.57710154
516.75,95.65048546
517,95.7217949
517.25,95.78083712
517.5,95.81913903
517.75,95.8311898
518,95.81525446
518.25,95.7736279
518.5,95.71228971
518.75,95.6400195
519,95.56711754
519.25,95.50393087
519.5,95.45940118
519.75,95.43983354
520,95.4480424
520.25,95.4828471
520.5,95.5395116
520.75,95.61025525
521,95.68530314
521.25,95.75422637
521.5,95.80739337
521.75,95.83732993
522,95.83978762
522.25,95.81435617
522.5,95.76452381
522.75,95.69717751
523,95.62162489
523.25,95.54829096
523.5,95.48728384
523.75,95.44702942
524,95.4331521
524.25,95.44773601
524.5,95.48905016
524.75,95.55176637
525,95.62764489
525.25,95.70644871
525.5,95.77781359
525.75,95.83214327
526,95.86206936
526.25,95.86347301
526.5,95.83606314
526.75,95.78342237
527,95.71251469
527.25,95.63273252
527.5,95.55462843
527.75,95.48851463
528,95.44311959
528.25,95.42447013
528.5,95.4351286
528.75,95.4738677
529,95.53581617
529.25,95.61305959
529.5,95.69563188
529.75,95.77278563
530,95.83438855
530.25,95.87218578
530.5,95.88132666
530.75,95.86044449
531,95.81207736
531.25,95.74233613
531.5,95.66009776
531.75,95.57584474
532,95.50031608
532.25,95.44315038
532.5,95.41168916
532.75,95.41007715
533,95.43875472
533.25,95.49439325
533.5,95.57027957
533.75,95.65711174
534,95.74412406
534.25,95.82041689
534.5,95.87633265
534.75,95.90470004
535,95.90177538
535.25,95.86781984
535.5,95.80693685
535.75,95.72658233
536,95.63663642
536.25,95.54816084
536.5,95.47203196
536.75,95.41762249
537,95.39168518
537.25,95.39755755
537.5,95.4347663
537.75,95.49906848
538,95.58292598
538.25,95.67636939
538.5,95.7681657
538.75,95.84716507
539,95.90366918
539.25,95.93064793
539.5,95.92463909
539.75,95.88620275
540,95.81986332
540.25,95.73380233
540.5,95.6381314
540.75,95.5442512
541,95.4633426
541.25,95.4050556
541.5,95.37639714
541.75,95.38093166
542,95.41836941
542.25,95.48458003
542.5,95.57203106
542.75,95.67061437
543,95.76878424
543.25,95.85489249
543.5,95.91857215
543.75,95.95200131
544,95.95088073
544.25,95.91498883
544.5,95.84823344
544.75,95.75819183
545,95.65520475
545.25,95.5513251
545.5,95.45834672
545.75,95.3870198
546,95.34567466
546.25,95.33929826
546.5,95.36897644
546.75,95.43175032
547,95.52090064
547.25,95.62663981
547.5,95.73715519
547.75,95.83990889
548,95.92306158
548.25,95.97685886
548.5,95.99480719
548.75,95.97448129
549,95.91784822
549.25,95.83105985
549.5,95.7237419
549.75,95.60787831
550,95.4964396
550.25,95.40208158
550.5,95.33517012
550.75,95.30331929
551,95.31034986
551.25,95.35586363
551.5,95.43524616
551.75,95.54010142
552,95.65908991
552.25,95.77910569
552.5,95.88668832
552.75,95.96952724
553,96.01788719
553.25,96.02577539
553.5,95.99169141
553.75,95.91885144
554,95.81485171
554.25,95.69081659
554.5,95.56014749
554.75,95.43703536
555,95.33491568
555.25,95.26512595
555.5,95.23527566
555.75,95.24902196
556,95.30543724
556.25,95.39904276
556.5,95.52029307
556.75,95.65648484
557,95.79302781
557.25,95.91497293
557.5,96.00864915
557.75,96.06322562
558,96.07200304
558.25,96.0332564
558.5,95.9505051
558.75,95.83216575
559,95.69063344
559.25,95.54091615
559.5,95.39899994
559.75,95.28014051
560,95.19726447
560.25,95.15964614
560.5,95.1716898
560.75,95.23287756
561,95.33753125
561.25,95.47526422
561.5,95.63191198
561.75,95.79089068
562,95.93488508
562.25,96.04771358
562.5,96.1161686
562.75,96.13160269
563,96.09103916
563.25,95.99763848
563.5,95.86044107
563.75,95.69341601
564,95.51394593
564.25,95.34094933
564.5,95.19287014
564.75,95.08575293
565,95.03158433
565.25,95.03695752
565.5,95.1023153
565.75,95.22197832
566,95.3843584
566.25,95.57290003
566.5,95.76758204
566.75,95.94689741
567,96.09015436
567.25,96.17986215
567.5,96.2039038
567.75,96.15718139
568,96.04246779
568.25,95.87030934
568.5,95.65797415
568.75,95.42759191
569,95.20374341
569.25,95.01080823
569.5,94.87036786
569.75,94.79890762
570,94.80599489
570.25,94.89283258
570.5,95.05217759
570.75,95.26845406
571,95.5187879
571.25,95.77495933
571.5,96.00619009
571.75,96.18258969
572,96.27891495
572.25,96.27813897
572.5,96.17424537
572.75,95.97371592
573,95.69537775
573.25,95.36857304
573.5,95.02991626
573.75,94.71911849
574,94.47442837
574.25,94.32817867
574.5,94.30279545
574.75,94.40750866
575,94.63596229
575.25,94.96427318
575.5,95.35337339
575.75,95.74989832
576,96.09151446
576.25,96.31468513
576.5,96.36474496
576.75,96.20688186
577,95.83579582
577.25,95.28155868
577.5,94.60984999
577.75,93.91611358
578,93.31457549
578.25,92.92364557
578.5,92.84848426
578.75,93.15951359
579,93.86297707
579.25,94.8576375
579.5,95.87362247
579.75,96.40279812
580,95.6659518
580.25,92.72158399
580.5,86.8030191
580.75,77.82534131
581,66.65932435
581.25,54.80661487
581.5,43.6940535
581.75,34.17937212
582,26.51390203
582.25,20.5625252
582.5,16.03174493
582.75,12.60940868
583,10.02501116
583.25,8.064789474
583.5,6.567394349
583.75,5.413729839
584,4.516696627
584.25,3.812698099
584.5,3.255163376
584.75,2.809799418
585,2.451175603
585.25,2.160821015
585.5,1.923684249
585.75,1.728948584
586,1.56833155
586.25,1.435446277
586.5,1.325336753
586.75,1.234137354
587,1.158821783
587.25,1.097016886
587.5,1.046863962
587.75,1.006915213
588,0.97605651
588.25,0.953448935
588.5,0.938490891
588.75,0.930784902
589,0.930119797
589.25,0.93646037
589.5,0.94994508
589.75,0.970891583
590,0.999810439
590.25,1.037350071
590.5,1.084530123
590.75,1.142614168
591,1.213221332
591.25,1.29840919
591.5,1.400783887
591.75,1.523646397
592,1.67118726
592.25,1.848746951
592.5,2.063165803
592.75,2.323256908
593,2.64044883
593.25,3.029663657
593.5,3.510521692
593.75,4.108998533
594,4.859703905
594.25,5.809000514
594.5,7.019220008
594.75,8.574218287
595,10.5863368
595.25,13.19887256
595.5,16.60576666
595.75,21.04125828
596,26.76694713
596.25,34.02042763
596.5,42.90659018
596.75,53.22875941
597,64.32461505
597.25,75.0679579
597.5,84.18348882
597.75,90.76672392
598,94.63058942
598.25,96.23055281
598.5,96.31740439
598.75,95.61596204
599,94.6689195
599.25,93.81587408
599.5,93.23268305
599.75,92.98119583
600,93.0499177
600.25,93.3819582
600.5,93.89712208
600.75,94.50547773
601,95.11886176
601.25,95.66049339
601.5,96.07243273
601.75,96.32021127
602,96.39407269
602.25,96.30682048
602.5,96.08895251
602.75,95.78224779
603,95.43307987
603.25,95.08649183
603.5,94.78164402
603.75,94.54882094
604,94.40788134
604.25,94.36788654
604.5,94.42762021
604.75,94.57676183
605,94.79754447
605.25,95.06677951
605.5,95.3581481
605.75,95.64464126
606,95.90099104
606.25,96.1058942
606.5,96.2438127
606.75,96.30615721
607,96.29172734
607.25,96.20638165
607.5,96.0620194
607.75,95.87504623
608,95.66454778
608.25,95.4504012
608.5,95.25152161
608.75,95.08438498
609,94.96190769
609.25,94.89271054
609.5,94.88075858
609.75,94.92534741
610,95.02139902
610.25,95.15955695
610.5,95.32824868
610.75,95.51368287
611,95.70115499
611.25,95.87619869
611.5,96.0257121
611.75,96.13896748
612,96.20841432
612.25,96.23020042
612.5,96.20436357
612.75,96.13468227
613,96.02821347
613.25,95.8945783
613.5,95.74507998
613.75,95.59174659
614,95.44638714
614.25,95.31973483
614.5,95.22073147
614.75,95.15598698
615,95.12942987
615.25,95.14215129
615.5,95.19243602
615.75,95.27596786
616,95.3861922
616.25,95.51481382
616.5,95.65240216
616.75,95.78906898
617,95.91517592
617.25,96.02202296
617.5,96.10246589
617.75,96.15141287
618,96.1661585
618.25,96.14652771
618.5,96.09482023
618.75,96.01556585
619,95.91511894
619.25,95.80113425
619.5,95.68197354
619.75,95.56609401
620,95.46146468
620.25,95.37524611
620.5,95.3126441
620.75,95.27743459
621,95.27148949
621.25,95.29471477
621.5,95.34510847
621.75,95.41893139
622,95.51097918
622.25,95.61494039
622.5,95.72382093
622.75,95.83041046
623,95.92776215
623.25,96.00965413
623.5,96.07100008
623.75,96.10817841
624,96.11925503
624.25,96.10408285
624.5,96.06427208
624.75,96.00303646
625,95.92493146
625.25,95.8355087
625.5,95.74091643
625.75,95.64747761
626,95.56127603
626.25,95.48777687
626.5,95.43150326
626.75,95.39578414
627,95.38258341
627.25,95.3924152
627.5,95.42434585
627.75,95.47607963
628,95.54412185
628.25,95.62400999
628.5,95.71060038
628.75,95.7983946
629,95.88188685
629.25,95.95591134
629.5,96.01596721
629.75,96.05849919
630,96.08111422
630.25,96.08273734
630.5,96.06370516
630.75,96.02556257
631,95.97102168
631.25,95.90376248
631.5,95.82817693
631.75,95.74907655
632,95.6713845
632.25,95.59983272
632.5,95.53868239
632.75,95.49148287
633,95.46088066
633.25,95.4484803
633.5,95.45478932
633.75,95.47919606
634,95.52002866
634.25,95.5746676
634.5,95.63970992
634.75,95.71117658
635,95.78475169
635.25,95.85604091
635.5,95.92083394
635.75,95.97535554
636,96.01648936
636.25,96.04196005
636.5,96.05046164
636.75,96.04172388
637,96.01651271
637.25,95.97656581
637.5,95.9244691
637.75,95.86348405
638,95.79733874
638.25,95.72999732
638.5,95.66542305
638.75,95.60734928
639,95.55907123
639.25,95.52326898
639.5,95.50186984
639.75,95.49595542
640,95.50571658
640.25,95.53039075
640.5,95.56845757
640.75,95.61765925
641,95.67513508
641.25,95.73758569
641.5,95.80146077
641.75,95.8631602
642,95.91923778
642.25,95.9665959
642.5,96.00265962
642.75,96.02551957
643,96.03403489
643.25,96.02788993
643.5,96.00760142
643.75,95.97447655
644,95.93052534
644.25,95.8783341
644.5,95.82090872
644.75,95.7614984
645,95.70341071
645.25,95.64982897
645.5,95.60364182
645.75,95.56729353
646,95.54266207
646.25,95.53096966
646.5,95.53272939
646.75,95.54772915
647,95.57505279
647.25,95.613137
647.5,95.65986057
647.75,95.71266181
648,95.76867819
648.25,95.82490125
648.5,95.87833892
648.75,95.9261766
649,95.96592819
649.25,95.99556844
649.5,96.01363909
649.75,96.01932264
650,96.01247937
650.25,95.99369453
650.5,95.96414704
650.75,95.92555854
651,95.88010595
651.25,95.83029679
651.5,95.77882986
651.75,95.72844931
652,95.68180044
652.25,95.64129441
652.5,95.60898867
652.75,95.5864882
653,95.57487181
653.25,95.57464593
653.5,95.58572751
653.75,95.60745601
654,95.63863342
654.25,95.67759033
654.5,95.72227455
654.75,95.77035828
655,95.81935861
655.25,95.86676545
655.5,95.91017049
655.75,95.94739064
656,95.97657916
656.25,95.99631875
656.5,96.00569124
656.75,96.00432029
657,95.99238481
657.25,95.97060272
657.5,95.94018643
657.75,95.90277304
658,95.86033374
658.25,95.81506792
658.5,95.76928798
658.75,95.72530125
659,95.68529506
659.25,95.65123052
659.5,95.62474995
659.75,95.60710175
660,95.59908567
660.25,95.60100523
660.5,95.612669
660.75,95.63343418
661,95.66222107
661.25,95.69756915
661.5,95.73771067
661.75,95.78065836
662,95.82430342
662.25,95.86651889
662.5,95.90526375
662.75,95.93868242
663,95.96519474
663.25,95.9835718
663.5,95.99299362
663.75,95.99308593
664,95.98393398
664.25,95.96607306
664.5,95.94045656
664.75,95.90840356
665,95.87152919
665.25,95.83166177
665.5,95.79075127
665.75,95.75077387
666,95.71363742
666.25,95.68109231
666.5,95.65465164
666.75,95.63552403
667,95.62456181
667.25,95.62222634
667.5,95.62857151
667.75,95.64324599
668,95.66551351
668.25,95.69429043
668.5,95.72819857
668.75,95.76563118
669,95.80482891
669.25,95.84396268
669.5,95.88121934
669.75,95.91488647
670,95.94343208
670.25,95.96553775
670.5,95.98030142
670.75,95.98710817
671,95.98571915
671.25,95.9762791
671.5,95.95930542
671.75,95.93565963
672,95.90650285
672.25,95.87323789
672.5,95.83744111
672.75,95.8007875
673,95.76497268
673.25,95.73163569
673.5,95.7022858
673.75,95.67823663
674,95.66055024
674.25,95.6499932
674.5,95.64700627
674.75,95.65168865
675,95.66379712
675.25,95.68275993
675.5,95.7077047
675.75,95.73749903
676,95.77080212
676.25,95.80612521
676.5,95.84189826
676.75,95.87654001
677,95.90852833
677.25,95.93646773
677.5,95.95915097
677.75,95.97561187
678,95.98516691
678.25,95.98744371
678.5,95.982395
678.75,95.97029777
679,95.95173752
679.25,95.92757883
679.5,95.8989237
679.75,95.86705997
680,95.83340235
680.25,95.79949063
680.5,95.7667322
680.75,95.7365305
681,95.71016509
681.25,95.68873895
681.5,95.6731341
681.75,95.66397715
682,95.66161602
682.25,95.66610846
682.5,95.67722256
682.75,95.69444922
683,95.7170258
683.25,95.74397
683.5,95.77412259
683.75,95.80619724
684,95.83883541
684.25,95.87066405
684.5,95.90035374
684.75,95.92667476
685,95.94854867
685.25,95.96509317
685.5,95.97565821
685.75,95.97985192
686,95.97755503
686.25,95.96892338
686.5,95.95437852
686.75,95.93458693
687,95.91042895
687.25,95.88295915
687.5,95.85335981
687.75,95.82288991
688,95.79283182
688.25,95.76443791
688.5,95.73887954
688.75,95.71720007
689,95.7002741
689.25,95.68877396
689.5,95.68314496
689.75,95.68358987
690,95.69006328
690.25,95.70224327
690.5,95.71962557
690.75,95.7414873
691,95.76692973
691.25,95.7949154
691.5,95.82431062
691.75,95.85393158
692,95.88259227
692.25,95.9091524
692.5,95.93256317
692.75,95.95190924
693,95.96644496
693.25,95.97562349
693.5,95.97911746
693.75,95.97683055
694,95.96889927
694.25,95.95568528
694.5,95.93775846
694.75,95.91587173
695,95.89092871
695.25,95.86394585
695.5,95.8360106
695.75,95.80823743
696,95.78172356
696.25,95.75750612
696.5,95.7365224
696.75,95.7195746
697,95.70730037
697.25,95.70015001
697.5,95.69837114
697.75,95.70200129
698,95.71086832
698.25,95.72459895
698.5,95.74263458
698.75,95.76425414
699,95.78860282
699.25,95.8147258
699.5,95.84160557
699.75,95.86820158
700,95.89349052
700.25,95.91645447
700.5,95.93628336
700.75,95.95223588
701,95.96372522
701.25,95.97034072
701.5,95.9718626
701.75,95.96826897
702,95.95973512
702.25,95.94662496
702.5,95.92947525
702.75,95.90897333
703,95.88592917
703.25,95.86124325
703.5,95.83587135
703.75,95.81078777
704,95.78694851
704.25,95.76525561
704.5,95.7465241
704.75,95.73145266
705,95.7205989
705.25,95.7143602
705.5,95.71296052
705.75,95.71644363
706,95.72467293
706.25,95.7373377
706.5,95.75396556
706.75,95.77394069
707,95.7965271
707.25,95.82089607
707.5,95.84615693
707.75,95.87138996
708,95.89568023
708.25,95.91815117
708.5,95.9379967
708.75,95.95451051
709,95.96711165
709.25,95.97536521
709.5,95.97899757
709.75,95.97790538
710,95.97215823
710.25,95.96201156
710.5,95.94785683
710.75,95.93023213
711,95.90979691
711.25,95.88730701
711.5,95.86358641
711.75,95.83949693
712,95.81590704
712.25,95.79366088
712.5,95.77354859
712.75,95.75627895
713,95.74245534
713.25,95.73255554
713.5,95.7269163
713.75,95.72572278
714,95.72900343
714.25,95.73663019
714.5,95.74832406
714.75,95.76366581
715,95.7821113
715.25,95.80301111
715.5,95.82563364
715.75,95.84919088
716,95.87286616
716.25,95.89584265
716.5,95.91733192
716.75,95.93660133
717,95.95299935
717.25,95.96597796
717.5,95.97511125
717.75,95.98010965
718,95.98082913
718.25,95.97727525
718.5,95.96960182
718.75,95.95810439
719,95.94320868
719.25,95.92545465
719.5,95.90547677
719.75,95.8839811
720,95.86172042
720.25,95.83949923
720.5,95.81804916
720.75,95.79810176
721,95.78033233
721.25,95.76533774
721.5,95.7536172
721.75,95.74555647
722,95.74141606
722.25,95.74132356
722.5,95.74527048
722.75,95.75311352
723,95.76458017
723.25,95.77927855
723.5,95.79671105
723.75,95.81629132
724,95.83736408
724.25,95.85922722
724.5,95.88115519
724.75,95.90242326
725,95.92233155
725.25,95.94022823
725.5,95.95553105
725.75,95.96774634
726,95.97648511
726.25,95.98147542
726.5,95.98257076
726.75,95.97975421
727,95.97313806
727.25,95.96295925
727.5,95.9495705
727.75,95.93342781
728,95.91507452
728.25,95.89512273
728.5,95.87423271
728.75,95.85309087
729,95.83238735
729.25,95.81279358
729.5,95.79494092
729.75,95.77940077
730,95.76666684
730.25,95.75715098
730.5,95.75112544
730.75,95.74877277
731,95.75015822
731.25,95.75522854
731.5,95.76381442
731.75,95.77563651
732,95.79031481
732.25,95.80738112
732.5,95.82629417
732.75,95.84645693
733,95.8672356
733.25,95.88797975
733.5,95.90804283
733.75,95.92680257
734,95.94368048
734.25,95.95815998
734.5,95.96980243
734.75,95.97826062
735,95.98328928
735.25,95.98475231
735.5,95.98262636
735.75,95.97700093
736,95.96807473
736.25,95.9561487
736.5,95.94161575
736.75,95.9249478
737,95.90668036
737.25,95.88739545
737.5,95.86770309
737.75,95.8482223
738,95.82956203
738.25,95.81230256
738.5,95.7969781
738.75,95.78406098
739,95.7739478
739.25,95.76694814
739.5,95.76327584
739.75,95.7630433
740,95.7662588
740.25,95.77281409
740.5,95.78251982
740.75,95.7950876
741,95.81014458
741.25,95.82724496
741.5,95.84588356
741.75,95.8655111
742,95.88555073
742.25,95.90541534
742.5,95.92452511
742.75,95.94232476
743,95.95830012
743.25,95.97199323
743.5,95.98301584
743.75,95.99106068
744,95.9959102
744.25,95.99744259
744.5,95.99563485
744.75,95.99056277
745,95.98239805
745.25,95.97140243
745.5,95.95791923
745.75,95.94236251
746,95.92520423
746.25,95.90695987
746.5,95.88817285
746.75,95.86939845
747,95.85118746
747.25,95.83407026
747.5,95.81854161
747.75,95.80504675
748,95.793969
748.25,95.78561931
748.5,95.78022799
748.75,95.77793876
749,95.77880533
749.25,95.78279053
749.5,95.78976801
749.75,95.79952639
750,95.81177579
750.25,95.82613097
750.5,95.84219394
750.75,95.85950053
751,95.87755328
751.25,95.8958357
751.5,95.91382709
751.75,95.93101737
752,95.94692159
752.25,95.9610936
752.5,95.97313867
752.75,95.9827245
753,95.98959035
753.25,95.99355415
753.5,95.99451723
753.75,95.99246666
754,95.98747504
754.25,95.97969786
754.5,95.96936855
754.75,95.95679127
755,95.94233176
755.25,95.92640659
755.5,95.90947102
755.75,95.89200597
756,95.87450437
756.25,95.85745738
756.5,95.84134077
756.75,95.82660199
757,95.81364803
757.25,95.80283463
757.5,95.79445696
757.75,95.78874204
758,95.78584305
758.25,95.78583571
758.5,95.78871673
758.75,95.79440439
759,95.80274123
759.25,95.81349867
759.5,95.82638361
759.75,95.84104658
760,95.85709148
760.25,95.87405567
760.5,95.89151376
760.75,95.90900067
761,95.92605239
761.25,95.94221846
761.5,95.95707406
761.75,95.97023137
762,95.98134984
762.25,95.99014521
762.5,95.99639686
762.75,95.99995344
763,96.00073657
763.25,95.99874249
763.5,95.9940417
763.75,95.98677657
764,95.97715699
764.25,95.96545425
764.5,95.95199333
764.75,95.93714378
765,95.92130958
765.25,95.9049181
765.5,95.88840861
765.75,95.87222067
766,95.85678252
766.25,95.8425
766.5,95.82974619
766.75,95.81885193
767,95.81009761
767.25,95.80370633
767.5,95.79983859
767.75,95.79858857
768,95.79998225
768.25,95.80397717
768.5,95.81046395
768.75,95.81926952
769,95.83016192
769.25,95.84285656
769.5,95.85702378
769.75,95.87229756
770,95.88828501
770.25,95.90456337
770.5,95.92073093
770.75,95.93637776
771,95.95110906
771.25,95.96455525
771.5,95.97638135
771.75,95.98629542
772,95.99405585
772.25,95.99947733
772.5,96.00243528
772.75,96.0028687
773,96.00078136
773.25,95.9962413
773.5,95.98937862
773.75,95.98038179
774,95.96949233
774.25,95.95699833
774.5,95.94322676
774.75,95.9285349
775,95.91330102
775.25,95.89791478
775.5,95.88276728
775.75,95.86824132
776,95.85470191
776.25,95.84248734
776.5,95.83190101
776.75,95.82320422
777,95.81661005
777.25,95.81227847
777.5,95.81031281
777.75,95.81075759
778,95.81359784
778.25,95.81875983
778.5,95.82611322
778.75,95.83547453
779,95.84661196
779.25,95.85925118
779.5,95.87308233
779.75,95.88776764
780,95.90294987
780.25,95.9182408
780.5,95.93329223
780.75,95.94774322
781,95.96124886
781.25,95.97348862
781.5,95.98417406
781.75,95.99305567
782,95.9999288
782.25,96.00463837
782.5,96.00708242
782.75,96.00721425
783,96.00504322
783.25,96.00063417
783.5,95.99410551
783.75,95.98562589
784,95.97540986
784.25,95.96371227
784.5,95.95082186
784.75,95.93705407
785,95.92274324
785.25,95.90823452
785.5,95.89387552
785.75,95.88000808
786,95.86696021
786.25,95.85503848
786.5,95.84452099
786.75,95.83565107
787,95.82863188
787.25,95.82362198
787.5,95.82073195
787.75,95.82002223
788,95.82150203
788.25,95.82512952
788.5,95.8308131
788.75,95.83841391
789,95.84774927
789.25,95.85859728
789.5,95.87070209
789.75,95.88378014
790,95.8975268
790.25,95.91160435
790.5,95.92570809
790.75,95.93951568
791,95.95271346
791.25,95.96500374
791.5,95.97611166
791.75,95.98579148
792,95.99383211
792.25,96.00006192
792.5,96.00435246
792.75,96.00662124
793,96.00683335
793.25,96.00500204
793.5,96.00118801
793.75,95.99549778
794,95.98808085
794.25,95.97912597
794.5,95.96885646
794.75,95.95752483
795,95.94540677
795.25,95.93279459
795.5,95.91999045
795.75,95.90729935
796,95.89502216
796.25,95.88344884
796.5,95.87285188
796.75,95.86348034
797,95.85555431
797.25,95.8492602
797.5,95.84474676
797.75,95.84212195
798,95.84145075
798.25,95.84275401
798.5,95.84600809
798.75,95.85114571
799,95.85805756
799.25,95.86659492
799.5,95.87657311
799.75,95.88777573
800,95.89995952
800.25,95.91284036
800.5,95.92615687
800.75,95.93962057
801,95.95294021
801.25,95.96582823
801.5,95.9780071
801.75,95.98921543
802,95.9992137
802.25,96.00778948
802.5,96.01476205
802.75,96.01998627
803,96.02335566
803.25,96.02480462
803.5,96.02430968
803.75,96.02188988
804,96.01760612
804.25,96.01155966
804.5,96.00388969
804.75,95.9947701
805,95.9844055
805.25,95.97302663
805.5,95.96088515
805.75,95.94824815
806,95.93539227
806.25,95.92259768
806.5,95.91014209
806.75,95.89829484
807,95.88731115
807.25,95.87742689
807.5,95.86885359
807.75,95.8617742
808,95.85633935
808.25,95.85266438
808.5,95.85082712
808.75,95.8508664
809,95.8527815
809.25,95.8565323
809.5,95.86204033
809.75,95.86919055
810,95.87783388
810.25,95.88778193
810.5,95.89883462
810.75,95.9107633
811,95.92332168
811.25,95.93625108
811.5,95.94928582
811.75,95.96215875
812,95.97460687
812.25,95.98637674
812.5,95.99722979
812.75,96.00694719
813,96.01533437
813.25,96.022225
813.5,96.02748432
813.75,96.03101183
814,96.03274328
814.25,96.03265177
814.5,96.03074822
814.75,96.0270809
815,96.02173427
815.25,96.01482704
815.5,96.00650951
815.75,95.9969603
816,95.9863825
816.25,95.97499939
816.5,95.96304968
816.75,95.95078258
817,95.93845266
817.25,95.92631461
817.5,95.91461809
817.75,95.90360275
818,95.89349339
818.25,95.8844956
818.5,95.87679172
818.75,95.87053734
819,95.86585832
819.25,95.86284849
819.5,95.86156794
819.75,95.86204198
820,95.86426086
820.25,95.86817075
820.5,95.87369884
820.75,95.88073552
821,95.88914164
821.25,95.89875137
821.5,95.90937556
821.75,95.92080557
822,95.93281746
822.25,95.94517643
822.5,95.95764151
822.75,95.96997034
823,95.98192397
823.25,95.99327153
823.5,96.00379482
823.75,96.01329256
824,96.02158431
824.25,96.02851396
824.5,96.03395276
824.75,96.03780174
825,96.03999354
825.25,96.04049363
825.5,96.03930086
825.75,96.03644731
826,96.03199749
826.25,96.02604698
826.5,96.01872032
826.75,96.01016849
827,96.00056579
827.25,95.99010629
827.5,95.97899999
827.75,95.96746865
828,95.9557414
828.25,95.94405033
828.5,95.93262595
828.75,95.92169282
829,95.91146528
829.25,95.9021434
829.5,95.89390926
829.75,95.88692362
830,95.88132295
830.25,95.87721688
830.5,95.87468401
830.75,95.87377533
831,95.87451107
831.25,95.87688042
831.5,95.88084188
831.75,95.88632419
832,95.8932277
832.25,95.90142641
832.5,95.91077036
832.75,95.92108852
833,95.93219207
833.25,95.9438779
833.5,95.95593255
833.75,95.9681361
834,95.98026639
834.25,95.99210311
834.5,96.00343192
834.75,96.01404846
835,96.0237621
835.25,96.03239944
835.5,96.03980757
835.75,96.04585676
836,96.05044286
836.25,96.05348914
836.5,96.05494758
836.75,96.05479967
837,96.05305665
837.25,96.0497591
837.5,96.04497614
837.75,96.03880391
838,96.03136373
838.25,96.02279968
838.5,96.01327585
838.75,96.0029732
839,95.99208613
839.25,95.98081885
839.5,95.96938164
839.75,95.95798689
840,95.94684534
840.25,95.93617543
840.5,95.92615765
840.75,95.91697464
841,95.90879325
841.25,95.90176168
841.5,95.89600692
841.75,95.8916326
842,95.88871731
842.25,95.88731331
842.5,95.88744575
842.75,95.88911236
843,95.89228364
843.25,95.89690347
843.5,95.90289026
843.75,95.9101385
844,95.91852069
844.25,95.92788971
844.5,95.93808148
844.75,95.94891793
845,95.96021018
845.25,95.97176192
845.5,95.98337292
845.75,95.99484257
846,96.00597344
846.25,96.01657472
846.5,96.02646565
846.75,96.03547861
847,96.04346209
847.25,96.05028326
847.5,96.05583032
847.75,96.06001431
848,96.06277066
848.25,96.06406018
848.5,96.06386964
848.75,96.06221191
849,96.05912555
849.25,96.05467405
849.5,96.04894456
849.75,96.04204622
850,96.03410811
850.25,96.02527096
850.5,96.01570235
850.75,96.00557595
851,95.99507433
851.25,95.98438573
851.5,95.97370077
851.75,95.96320912
852,95.95309623
852.25,95.94354019
852.5,95.93470869
852.75,95.92675617
853,95.91982135
853.25,95.91402485
853.5,95.90946729
853.75,95.90622767
854,95.90436214
854.25,95.90390316
854.5,95.90485908
854.75,95.90721409
855,95.91092859
855.25,95.91594
855.5,95.92216385
855.75,95.92949534
856,95.93781117
856.25,95.94697165
856.5,95.95682318
856.75,95.9672008
857,95.9779311
857.25,95.98883508
857.5,95.99973128
857.75,96.01043877
858,96.02078024
858.25,96.030585
858.5,96.03969179
858.75,96.04795154
859,96.05522981
859.25,96.06140901
859.5,96.06639036
859.75,96.07009547
860,96.0724676
860.25,96.07347096
860.5,96.07310029
860.75,96.07136734
861,96.06830657
861.25,96.06397439
861.5,96.05844823
861.75,96.05182505
862,96.04421972
862.25,96.03576295
862.5,96.02659911
862.75,96.01688371
863,96.00678085
863.25,95.99646039
863.5,95.9860952
863.75,95.97585827
864,95.96591987
864.25,95.95644484
864.5,95.94758989
864.75,95.9395011
865,95.93231164
865.25,95.92613964
865.5,95.92108638
865.75,95.91723473
866,95.91464793
866.25,95.91336861
866.5,95.91341824
866.75,95.91479685
867,95.91748314
867.25,95.92143486
867.5,95.92658959
867.75,95.93286581
868,95.94016424
868.25,95.94836949
868.5,95.95735196
868.75,95.96696992
869,95.97707183
869.25,95.98749877
869.5,95.99808698
869.75,96.00867053
870,96.01908391
870.25,96.02916472
870.5,96.03875623
870.75,96.04770986
871,96.05588758
871.25,96.06316401
871.5,96.06942843
871.75,96.07458653
872,96.07856181
872.25,96.08129676
872.5,96.08275375
872.75,96.08291551
873,96.08178537
873.25,96.07938711
873.5,96.07576451
873.75,96.07098058
874,96.06511647
874.25,96.0582701
874.5,96.05055458
874.75,96.04209633
875,96.033033
875.25,96.02351133
875.5,96.01368475
875.75,96.00371097
876,95.99374951
876.25,95.98395921
876.5,95.97449573
876.75,95.96550923
877,95.957142
877.25,95.94952637
877.5,95.94278268
877.75,95.93701751
878,95.93232209
878.25,95.92877099
878.5,95.92642106
878.75,95.9253106
879,95.9254589
879.25,95.92686596
879.5,95.9295126
879.75,95.93336083
880,95.93835443
880.25,95.94440518
880.5,95.95143495
880.75,95.95934005
881,95.96800371
881.25,95.97729799
881.5,95.98708564
881.75,95.99722224
882,96.00755839
882.25,96.01794197
882.5,96.02822041
882.75,96.03824306
883,96.04786339
883.25,96.05694122
883.5,96.06534483
883.75,96.07295291
884,96.07965637
884.25,96.08535996
884.5,96.08998365
884.75,96.09346382
885,96.09575416
885.25,96.09682628
885.5,96.09667013
885.75,96.09529407
886,96.09272465
886.25,96.08900618
886.5,96.08419996
886.75,96.07838335
887,96.07164846
887.25,96.0641008
887.5,96.05585758
887.75,96.04704595
888,96.03780105
888.25,96.028264
888.5,96.01857973
888.75,96.00889487
889,95.99935558
889.25,95.99010536
889.5,95.98128302
889.75,95.97302063
890,95.96544163
890.25,95.95865909
890.5,95.95277408
890.75,95.94787429
891,95.94403278
891.25,95.94130701
891.5,95.93973807
891.75,95.93935012
892,95.94015014
892.25,95.94212789
892.5,95.94525608
892.75,95.94949083
893,95.95477239
893.25,95.96102599
893.5,95.96816297
893.75,95.97608214
894,95.98467117
894.25,95.9938083
894.5,96.0033641
894.75,96.01320333
895,96.02318688
895.25,96.03317383
895.5,96.04302341
895.75,96.05259709
896,96.06176052
896.25,96.07038546
896.5,96.07835164
896.75,96.08554845
897,96.09187648
897.25,96.097249
897.5,96.10159311
897.75,96.10485077
898,96.10697962
898.25,96.10795351
898.5,96.10776284
898.75,96.10641467
899,96.10393252
899.25,96.10035602
899.5,96.09574029
899.75,96.09015504
900,96.08368361
900.25,96.07642379
900.5,96.06848141
900.75,96.05997203
901,96.05101888
901.25,96.04175112
901.5,96.03230195
901.75,96.02280677
902,96.01340126
902.25,96.00421948
902.5,95.99539203
902.75,95.98704418
903,95.97929427
903.25,95.97225197
903.5,95.96601691
903.75,95.96067725
904,95.95630858
904.25,95.9529729
904.5,95.95071781
904.75,95.94957591
905,95.94956441
905.25,95.95068494
905.5,95.95292357
905.75,95.95625104
906,95.96062324
906.25,95.96598178
906.5,95.97225489
906.75,95.97935838
907,95.98719686
907.25,95.99566503
907.5,96.00464913
907.75,96.01402855
908,96.02367745
908.25,96.03346649
908.5,96.04326464
908.75,96.05294092
909,96.06236622
909.25,96.07141506
909.5,96.07996729
909.75,96.08790972
910,96.09513769
910.25,96.10155644
910.5,96.10708241
910.75,96.11164437
911,96.11518434
911.25,96.11765839
911.5,96.11903717
911.75,96.1193063
912,96.11846652
912.25,96.11653364
912.5,96.11353827
912.75,96.1095254
913,96.10455367
913.25,96.09869462
913.5,96.09203159
913.75,96.08465863
914,96.07667913
914.25,96.06820442
914.5,96.05935224
914.75,96.05024513
915,96.04100878
915.25,96.03177029
915.5,96.02265653
915.75,96.0137924
916,96.00529919
916.25,95.997293
916.5,95.98988317
916.75,95.9831709
917,95.97724793
917.25,95.97219533
917.5,95.96808253
917.75,95.96496635
918,95.9628904
918.25,95.96188442
918.5,95.96196405
918.75,95.96313057
919,95.96537094
919.25,95.96865803
919.5,95.97295096
919.75,95.9781957
920,95.98432573
920.25,95.99125096
920.5,95.99889321
920.75,96.00715496
921,96.01593065
921.25,96.0251081
921.5,96.0345699
921.75,96.04419505
922,96.05386044
922.25,96.06344252
922.5,96.07281888
922.75,96.08186986
923,96.09048012
923.25,96.0985401
923.5,96.10594749
923.75,96.11260853
924,96.11843925
924.25,96.12336653
924.5,96.12732906
924.75,96.13027813
925,96.13217821
925.25,96.13300747
925.5,96.13275797
925.75,96.13143576
926,96.12906081
926.25,96.12566668
926.5,96.1213001
926.75,96.11602029
927,96.10989821
927.25,96.10301558
927.5,96.09546382
927.75,96.08734284
928,96.07875974
928.25,96.06982741
928.5,96.06066306
928.75,96.05138674
929,96.04211975
929.25,96.03298314
929.5,96.02409614
929.75,96.01557466
930,96.00752984
930.25,96.00006663
930.5,95.99328251
930.75,95.98726626
931,95.98209688
931.25,95.9778426
931.5,95.97456005
931.75,95.97229359
932,95.97107475
932.25,95.97092187
932.5,95.9718399
932.75,95.97382034
933,95.97684135
933.25,95.98086808
933.5,95.98585306
933.75,95.99173685
934,95.99844873
934.25,96.00590765
934.5,96.01402318
934.75,96.02269668
935,96.03182252
935.25,96.04128936
935.5,96.05098158
935.75,96.0607807
936,96.07056688
936.25,96.08022035
936.5,96.08962297
936.75,96.09865969
937,96.10721996
937.25,96.11519912
937.5,96.12249972
937.75,96.12903275
938,96.1347187
938.25,96.13948861
938.5,96.14328489
938.75,96.14606204
939,96.14778725
939.25,96.14844073
939.5,96.14801604
939.75,96.14652007
940,96.14397299
940.25,96.14041121
940.5,96.13587999
940.75,96.13043681
941,96.12415039
941.25,96.11709977
941.5,96.1093733
941.75,96.10106762
942,96.09228634
942.25,96.08313886
942.5,96.07373896
942.75,96.06420341
943,96.05465054
943.25,96.04519879
943.5,96.03596528
943.75,96.0270644
944,96.01860636
944.25,96.01069597
944.5,96.0034313
944.75,95.99690252
945,95.99119087
945.25,95.98636764
945.5,95.98249338
945.75,95.97961715
946,95.97777594
946.25,95.97699429
946.5,95.97728395
946.75,95.97864378
947,95.98105975
947.25,95.98450515
947.5,95.98894089
947.75,95.99431596
948,96.00056804
948.25,96.00762429
948.5,96.01540216
948.75,96.0238104
949,96.03275016
949.25,96.04211614
949.5,96.05179788
949.75,96.06168108
950,96.07164893
950.25,96.08158357
950.5,96.09136744
950.75,96.10088478
951,96.11002294
951.25,96.1186738
951.5,96.12673505
951.75,96.13411146
952,96.140716
952.25,96.1464709
952.5,96.15130866
952.75,96.15517277
953,96.1580185
953.25,96.15981338
953.5,96.16053762
953.75,96.16018435
954,96.15875972
954.25,96.15628279
954.5,96.15278535
954.75,96.14831149
955,96.14291707
955.25,96.13666907
955.5,96.12964475
955.75,96.12193072
956,96.11362193
956.25,96.10482045
956.5,96.09563431
956.75,96.08617616
957,96.07656196
957.25,96.06690954
957.5,96.05733723
957.75,96.04796246
958,96.0389003
958.25,96.03026217
958.5,96.02215448
958.75,96.01467739
959,96.00792357
959.25,96.00197719
959.5,95.99691286
959.75,95.99279477
960,95.98967593
960.25,95.98759602
960.5,95.98658284
960.75,95.98665257
961,95.98780859
961.25,95.9900414
961.5,95.99332873
961.75,95.99763577
962,96.00291552
962.25,96.00910939
962.5,96.01614777
962.75,96.02395088
963,96.03242965
963.25,96.04148676
963.5,96.05101773
963.75,96.06091214
964,96.07105493
964.25,96.08132771
964.5,96.09161015
964.75,96.10178143
965,96.11172161
965.25,96.1213131
965.5,96.13044203
965.75,96.13899965
966,96.1468836
966.25,96.15399916
966.5,96.16026044
966.75,96.16559138
967,96.16992672
967.25,96.17321281
967.5,96.17540831
967.75,96.17648467
968,96.17642657
968.25,96.17523211
968.5,96.17291287
968.75,96.16949384
969,96.16501315
969.25,96.15952163
969.5,96.15308225
969.75,96.14576945
970,96.1376682
970.25,96.12887307
970.5,96.11948714
970.75,96.10962075
971,96.09939026
971.25,96.08891666
971.5,96.07832415
971.75,96.0677387
972,96.05728654
972.25,96.04709268
972.5,96.03727948
972.75,96.02796512
973,96.01926226
973.25,96.0112767
973.5,96.00410606
973.75,95.99783869
974,95.99255253
974.25,95.98831418
974.5,95.98517811
974.75,95.98318592
975,95.98236581
975.25,95.98273223
975.5,95.98428558
975.75,95.98701217
976,95.99088431
976.25,95.99586055
976.5,96.00188607
976.75,96.0088933
977,96.01680256
977.25,96.02552301
977.5,96.03495357
977.75,96.04498413
978,96.05549672
978.25,96.06636693
978.5,96.07746531
978.75,96.08865888
979,96.09981272
979.25,96.11079159
979.5,96.12146153
979.75,96.13169152
980,96.14135508
980.25,96.15031961
980.5,96.15848642
980.75,96.16575224
981,96.17202414
981.25,96.17722089
981.5,96.18127395
981.75,96.1841285
982,96.18574421
982.25,96.18609587
982.5,96.18517388
982.75,96.18298445
983,96.17954973
983.25,96.17490766
983.5,96.16911163
983.75,96.16223001
984,96.1543454
984.25,96.14555378
984.5,96.13596339
984.75,96.12569358
985,96.11487337
985.25,96.10363998
985.5,96.09213717
985.75,96.08051357
986,96.06892083
986.25,96.05751178
986.5,96.04643853
986.75,96.03585057
987,96.02589285
987.25,96.01670393
987.5,96.00841414
987.75,96.00114385
988,95.99500179
988.25,95.99008356
988.5,95.98647016
988.75,95.98422679
989,95.98340174
989.25,95.9840255
989.5,95.98611002
989.75,95.98964826
990,95.99461387
990.25,96.00096118
990.5,96.00862535
990.75,96.01752279
991,96.02755184
991.25,96.03859366
991.5,96.05051334
991.75,96.0631613
992,96.07637485
992.25,96.08997996
992.5,96.1037933
992.75,96.11762433
993,96.1312777
993.25,96.14455564
993.5,96.15726057
993.75,96.1691977
994,96.18017779
994.25,96.1900198
994.5,96.19855363
994.75,96.20562278
995,96.21108686
995.25,96.21482412
995.5,96.21673362
995.75,96.21673741
996,96.21478234
996.25,96.21084165
996.5,96.20491625
996.75,96.19703574
997,96.18725897
997.25,96.17567433
997.5,96.16239958
997.75,96.14758134
998,96.13139413
998.25,96.11403896
998.5,96.09574164
998.75,96.07675049
999,96.0573338
999.25,96.03777686
999.5,96.01837857
999.75,95.99944776
1000,95.98129918
1000.25,95.96426249
1000.5,95.94863441
1000.75,95.93471942
1001,95.92280922
1001.25,95.91317743
1001.5,95.9060744
1001.75,95.9017217
1002,95.9003067
1002.25,95.90197706
1002.5,95.9068353
1002.75,95.91493338
1003,95.9262674
1003.25,95.94077253
1003.5,95.95831805
1003.75,95.97870273
1004,96.00165048
1004.25,96.02680643
1004.5,96.0537334
1004.75,96.08190894
1005,96.11072294
1005.25,96.13947591
1005.5,96.16737798
1005.75,96.19354882
1006,96.21701836
1006.25,96.23672865
1006.5,96.25153671
1006.75,96.26021863
1007,96.26147483
1007.25,96.25393675
1007.5,96.23617477
1007.75,96.20670764
1008,96.16401322
1008.25,96.10654068
1008.5,96.03272399
1008.75,95.94099669
1009,95.82980784
1009.25,95.69763893
1009.5,95.54302161
1009.75,95.36455604
1010,95.16092952
1010.25,94.93093516
1010.5,94.67349023
1010.75,94.38765393
1011,94.07264408
1011.25,93.7278525
1011.5,93.35285871
1011.75,92.94744157
1012,92.51158857
1012.25,92.04550264
1012.5,91.54960609
1012.75,91.02454174
1013,90.47117102
1013.25,89.89056913
1013.5,89.28401733
1013.75,88.65299254
1014,87.99915433
1014.25,87.3243298
1014.5,86.6304965
1014.75,85.91976381
1015,85.19435321
1015.25,84.45657783
1015.5,83.70882158
1015.75,82.95351847
1016,82.19313225
1016.25,81.43013691
1016.5,80.66699811
1016.75,79.90615611
1017,79.15001
1017.25,78.40090374
1017.5,77.66111388
1017.75,76.93283909
1018,76.21819151
1018.25,75.51918989
1018.5,74.8377544
1018.75,74.17570303
1019,73.53474955
1019.25,72.91650276
1019.5,72.32246694
1019.75,71.75404332
1020,71.21253248
1020.25,70.69948037
1020.5,70.21560337
1020.75,69.7619184
1021,69.33935698
1021.25,68.94876968
1021.5,68.59093049
1021.75,68.26654103
1022,67.97623459
1022.25,67.7205798
1022.5,67.5000838
1022.75,67.315195
1023,67.1663051
1023.25,67.05375049
1023.5,66.97781291
1023.75,66.9387192
1024,66.9366402
1024.25,66.97168868
1024.5,67.04391622
1024.75,67.15330907
1025,67.29978275
1025.25,67.48317561
1025.5,67.70324109
1025.75,67.95963872
1026,68.25192392
1026.25,68.57953647
1026.5,68.94178779
1026.75,69.33784706
1027,69.76672621
1027.25,70.22726402
1027.5,70.71810939
1027.75,71.2377042
1028,71.7842659
1028.25,72.35577026
1028.5,72.94993491
1028.75,73.564204
1029,74.19573478
1029.25,74.84138675
1029.5,75.49771432
1029.75,76.16096371
1030,76.82707507
1030.25,77.49169088
1030.5,78.15017133
1030.75,78.79761765
1031,79.42890415
1031.25,80.03871936
1031.5,80.62161655
1031.75,81.17207366
1032,81.68456201
1032.25,82.15362311
1032.5,82.57395192
1032.75,82.94048502
1033,83.24849126
1033.25,83.49366224
1033.5,83.67219981
1033.75,83.78089744
1034,83.81721237
1034.25,83.77932584
1034.5,83.66618867
1034.75,83.47755032
1035,83.21397009
1035.25,82.87680981
1035.5,82.46820823
1035.75,81.99103817
1036,81.44884803
1036.25,80.84579008
1036.5,80.18653827
1036.75,79.47619863
1037,78.72021554
1037.25,77.92427685
1037.5,77.09422093
1037.75,76.23594812
1038,75.35533875
1038.25,74.4581794
1038.5,73.55009854
1038.75,72.6365123
1039,71.72258043
1039.25,70.81317249
1039.5,69.91284362
1039.75,69.02581929
1040,68.15598808
1040.25,67.30756434
1040.5,66.48306389
1040.75,65.68537951
1041,64.91709897
1041.25,64.18052259
1041.5,63.47768291
1041.75,62.81036578
1042,62.18013214
1042.25,61.58834006
1042.5,61.03616648
1042.75,60.52462832
1043,60.0546027
1043.25,59.62684605
1043.5,59.2420119
1043.75,58.90066735
1044,58.60330793
1044.25,58.35037113
1044.5,58.14224823
1044.75,57.97929467
1045,57.8618388
1045.25,57.79018914
1045.5,57.76464003
1045.75,57.78547568
1046,57.85297269
1046.25,57.96740086
1046.5,58.12902241
1046.75,58.33808937
1047,58.59483919
1047.25,58.89948845
1047.5,59.25222453
1047.75,59.65319509
1048,60.10249533
1048.25,60.60015277
1048.5,61.14610951
1048.75,61.74020172
1049,62.38213635
1049.25,63.07146491
1049.5,63.8075543
1049.75,64.58955468
1050,65.41636449
